ID,TI,Taxon,Taxon_notes,Status,Higher_tax,Macropodin_status,Sex,Side,Assemblage,Deposit_type,Est_age,PW,H_HYPCD
AM_M3164,3,Aepyprymnus_rufescens,,Modern,Potoroinae,non_macropodin,NA,R,Modern,NA,0,4.39,3.89
AM_M9697,3,Aepyprymnus_rufescens,,Modern,Potoroinae,non_macropodin,M,R,Modern,NA,0,4.33,4.3
AM_M14017,2,Aepyprymnus_rufescens,,Modern,Potoroinae,non_macropodin,M,R,Modern,NA,0,4.61,4.69
AM_M2267,3,Aepyprymnus_rufescens,,Modern,Potoroinae,non_macropodin,NA,R,Modern,NA,0,4.28,4.36
AM_B6980,2,Aepyprymnus_rufescens,,Modern,Potoroinae,non_macropodin,M,R,Modern,NA,0,3.85,4.14
UCMP_22656,2,Archaeosimos_cf_sp_indet,,Fossil,Sthenurinae,non_macropodin,NA,R,Stirton_Quarry,Non_cave,3.6,9,7.8
QM_F20345,3,Balbarinae_gen_et_sp_indet,,Fossil,Balbarinae,non_macropodin,NA,L,Gag,Non_cave,14.5,4.87,3.45
QM_F20532 ,3,Balbarinae_gen_et_sp_indet,,Fossil,Balbarinae,non_macropodin,NA,R,Henks_Hollow,Non_cave,14.5,4.75,4.59
SAMA_NA,2,Balbarinae_gen_et_sp_indet,,Fossil,Balbarinae,non_macropodin,NA,R,Ngama_Quarry,Non_cave,24.1,3.45,3.07
NTM_P99686,3,Balbaroo_camfieldensis,,Fossil,Balbarinae,non_macropodin,NA,L,Bullock_Creek,Non_cave,14.5,5.31,4.11
NTM_P895_151,3,Balbaroo_camfieldensis,,Fossil,Balbarinae,non_macropodin,NA,R,Bullock_Creek,Non_cave,14.5,5.6,4.78
QM_F20071,2,Balbaroo_fangaroo,,Fossil,Balbarinae,non_macropodin,NA,R,Camel_Sputum,Cave,17.8,4.89,4.85
QM_F24518,3,Balbaroo_fangaroo,,Fossil,Balbarinae,non_macropodin,NA,R,Inabeyance,Cave,17.8,5.65,4.61
QM_F20087 ,3,Balbaroo_fangaroo,,Fossil,Balbarinae,non_macropodin,NA,R,Upper,Cave,17.8,5.55,4.49
QM_F56982,3,Balbaroo_fangaroo,,Fossil,Balbarinae,non_macropodin,NA,NA,Waynes_Wok,Cave,17.8,5.21,4.66
QM_F56985,2,Balbaroo_fangaroo,,Fossil,Balbarinae,non_macropodin,NA,L,Waynes_Wok,Cave,17.8,4.77,4.84
QM_F52811,2,Balbaroo_nalima,,Fossil,Balbarinae,non_macropodin,NA,R,AL90,Cave,14.7,4.93,5.06
QM_F20851,2,Balbaroo_nalima,,Fossil,Balbarinae,non_macropodin,NA,L,Cleft_of_Ages_1,Non_cave,17,4.94,4.09
QM_NA,2,Balbaroo_nalima_cf,,Fossil,Balbarinae,non_macropodin,NA,L,Keiths_Chocky_Block,Non_cave,14.5,5.41,4.83
QM_F31499,3,Balbaroo_sp_nov_2,,Fossil,Balbarinae,non_macropodin,NA,R,Golden_Steph,Non_cave,14.5,5.22,5.63
QM_F24536,3,Balbaroo_sp_nov_2,,Fossil,Balbarinae,non_macropodin,NA,R,Kangaroo_Jaw,Non_cave,14.5,4.43,3.66
NMV_P201155,2,Baringa_nelsonensis,,Fossil,Macropodinae,macropodin,NA,R,Nelson_Bay,Non_cave,0.8,4.93,5.62
NMV_P252536,3,Baringa_nelsonensis,,Fossil,Macropodinae,macropodin,NA,R,Nelson_Bay,Non_cave,0.8,6.13,7.9
NMV_P252524a,2,Baringa_nelsonensis,,Fossil,Macropodinae,macropodin,NA,L,Nelson_Bay,Non_cave,0.8,6.06,7.85
NMV_P201155,2,Baringa_nelsonensis,,Fossil,Macropodinae,macropodin,NA,L,Nelson_Bay,Non_cave,0.8,4.86,6.32
NMV_P201155,3,Baringa_nelsonensis,,Fossil,Macropodinae,macropodin,NA,R,Nelson_Bay,Non_cave,0.8,5.72,7.73
NMV_P215776,2,Baringa_nelsonensis,,Fossil,Macropodinae,macropodin,NA,L,Nelson_Bay,Non_cave,0.8,5.36,7.26
NMV_P201155,3,Baringa_nelsonensis,,Fossil,Macropodinae,macropodin,NA,L,Nelson_Bay,Non_cave,0.8,5.75,7.94
NMV_P252537,3,Baringa_nelsonensis,,Fossil,Macropodinae,macropodin,NA,R,Nelson_Bay,Non_cave,0.8,6.05,8.4
NMV_P252525a,2,Baringa_nelsonensis,,Fossil,Macropodinae,macropodin,NA,R,Nelson_Bay,Non_cave,0.8,5.67,8.13
NMV_P222111,3,Baringa_sp_indet,,Fossil,Macropodinae,macropodin,NA,R,Childers_Cove,Non_cave,2,5.66,6.89
NMV_P221870,2,Baringa_sp_indet,,Fossil,Macropodinae,macropodin,NA,R,Childers_Cove,Non_cave,2,4.68,5.8
NMV_P230359B,2,Baringa_sp_indet,,Fossil,Macropodinae,macropodin,NA,R,Childers_Cove,Non_cave,2,4.39,5.88
WAM_03_5_11,2,Baringa_sp_indet,,Fossil,Macropodinae,macropodin,NA,L,Last_Tree_Cave,Cave,0.5,5.8,4.6
WAM_05_5_57,3,Baringa_sp_indet,,Fossil,Macropodinae,macropodin,NA,L,Last_Tree_Cave,Cave,0.5,6.32,5.66
WAM_03_5_13,3,Baringa_sp_indet,,Fossil,Macropodinae,macropodin,NA,L,Last_Tree_Cave,Cave,0.5,6.25,6.59
WAM_05_5_72,3,Baringa_sp_indet,,Fossil,Macropodinae,macropodin,NA,L,Last_Tree_Cave,Cave,0.5,5.97,6.52
WAM_05_5_35,2,Baringa_sp_indet,,Fossil,Macropodinae,macropodin,NA,R,Last_Tree_Cave,Cave,0.5,5.9,6.7
WAM_05_5_72,2,Baringa_sp_indet,,Fossil,Macropodinae,macropodin,NA,L,Last_Tree_Cave,Cave,0.5,5.57,6.44
WAM_05_5_71,2,Baringa_sp_indet,,Fossil,Macropodinae,macropodin,NA,L,Last_Tree_Cave,Cave,0.5,5.38,6.62
WAM_05_5_66,2,Baringa_sp_indet,,Fossil,Macropodinae,macropodin,NA,R,Last_Tree_Cave,Cave,0.5,5.51,7.07
WAM_05_4_84,3,Baringa_sp_indet,,Fossil,Macropodinae,macropodin,NA,L,Leaenas_Breath_Cave,Cave,0.4,5.83,6.27
WAM_04_5_24,2,Baringa_sp_indet,,Fossil,Macropodinae,macropodin,NA,R,Leaenas_Breath_Cave,Cave,0.4,5.69,7.41
WAM_M24001,3,Bettongia_lesueur,,Modern,Potoroinae,non_macropodin,NA,R,Modern,NA,0,3.4,2.49
WAM_M7224,2,Bettongia_lesueur,,Modern,Potoroinae,non_macropodin,M,R,Modern,NA,0,3.34,2.52
WAM_M17057,3,Bettongia_lesueur,,Modern,Potoroinae,non_macropodin,F,R,Modern,NA,0,3.43,2.65
WAM_M7224,3,Bettongia_lesueur,,Modern,Potoroinae,non_macropodin,NA,R,Modern,NA,0,3.04,2.38
WAM_M14875,3,Bettongia_lesueur,,Modern,Potoroinae,non_macropodin,NA,R,Modern,NA,0,3.07,2.55
WAM_M7226,2,Bettongia_lesueur,,Modern,Potoroinae,non_macropodin,M,R,Modern,NA,0,3.28,2.74
WAM_M19861,2,Bettongia_lesueur,,Modern,Potoroinae,non_macropodin,NA,L,Modern,NA,0,3.81,3.3
WAM_M17058,3,Bettongia_lesueur,,Modern,Potoroinae,non_macropodin,F,R,Modern,NA,0,3.86,3.41
WAM_M14913,2,Bettongia_lesueur,,Modern,Potoroinae,non_macropodin,NA,R,Modern,NA,0,3.31,2.94
WAM_M44040,2,Bettongia_lesueur,,Modern,Potoroinae,non_macropodin,NA,R,Modern,NA,0,3.42,3.04
WAM_M14875,2,Bettongia_lesueur,,Modern,Potoroinae,non_macropodin,NA,R,Modern,NA,0,3.35,2.98
WAM_M17058,2,Bettongia_lesueur,,Modern,Potoroinae,non_macropodin,F,R,Modern,NA,0,3.4,3.24
WAM_M44040,3,Bettongia_lesueur,,Modern,Potoroinae,non_macropodin,NA,R,Modern,NA,0,2.83,2.76
WAM_M14913,3,Bettongia_lesueur,,Modern,Potoroinae,non_macropodin,NA,R,Modern,NA,0,2.89,2.92
WAM_07_6_461,3,Bettongia_lesueur,,Fossil,Potoroinae,non_macropodin,NA,R,Tight_Entrance_Cave_Unit_H,Cave,0.03,3.71,2.52
WAM_07_6_161,2,Bettongia_lesueur,,Fossil,Potoroinae,non_macropodin,NA,R,Tight_Entrance_Cave_Unit_H,Cave,0.03,3.53,3.12
WAM_M18,3,Bettongia_penicillata,,Modern,Potoroinae,non_macropodin,M,R,Modern,NA,0,3.75,2.48
WAM_M5235,3,Bettongia_penicillata,,Modern,Potoroinae,non_macropodin,NA,R,Modern,NA,0,3.29,2.23
AM_M38659,3,Bettongia_penicillata,,Modern,Potoroinae,non_macropodin,NA,R,Modern,NA,0,3.27,2.34
WAM_M1366,3,Bettongia_penicillata,,Modern,Potoroinae,non_macropodin,F,R,Modern,NA,0,3.73,2.67
WAM_M4482,2,Bettongia_penicillata,,Modern,Potoroinae,non_macropodin,NA,R,Modern,NA,0,3.85,2.81
WAM_M7232,2,Bettongia_penicillata,,Modern,Potoroinae,non_macropodin,F,R,Modern,NA,0,3.59,2.73
WAM_M4711,3,Bettongia_penicillata,,Modern,Potoroinae,non_macropodin,F,R,Modern,NA,0,3.27,2.49
WAM_M5264,2,Bettongia_penicillata,,Modern,Potoroinae,non_macropodin,F,R,Modern,NA,0,3.52,2.75
WAM_M2133,2,Bettongia_penicillata,,Modern,Potoroinae,non_macropodin,M,R,Modern,NA,0,3.66,2.87
AM_M3093,3,Bettongia_penicillata,,Modern,Potoroinae,non_macropodin,M,R,Modern,NA,0,3.3,2.64
AM_M3093,2,Bettongia_penicillata,,Modern,Potoroinae,non_macropodin,M,R,Modern,NA,0,3.54,2.88
WAM_M7234,2,Bettongia_penicillata,,Modern,Potoroinae,non_macropodin,M,R,Modern,NA,0,3.65,3.07
AM_M45201,3,Bettongia_penicillata,,Modern,Potoroinae,non_macropodin,NA,L,Modern,NA,0,3.33,2.81
WAM_08_8_762,2,Bettongia_penicillata,,Fossil,Potoroinae,non_macropodin,NA,L,Tight_Entrance_Cave_Unit_B,Cave,0.1,3.26,2.44
QM_F58669,3,Bohra_bandharr,,Fossil,Macropodinae,non_macropodin,NA,L,Chinchilla,Non_cave,3.1,6.68,6.76
WAM_03_5_10,3,Bohra_illuminata,,Fossil,Macropodinae,non_macropodin,NA,NA,Last_Tree_Cave,Cave,0.5,6.7,6.28
SAMA_P29919,3,Bohra_nullarbora,,Fossil,Macropodinae,non_macropodin,NA,R,Corra_Lynn_Cave,Cave,3.1,5.73,5.71
SAMA_P29919,2,Bohra_nullarbora,,Fossil,Macropodinae,non_macropodin,NA,R,Corra_Lynn_Cave,Cave,3.1,4.93,5.66
NMV_P222108B,3,Bohra_sp_indet,,Fossil,Macropodinae,non_macropodin,NA,R,Childers_Cove,Non_cave,2,7.16,8.76
NMV_P205606,2,Bohra_wilkinsonorum_cf,,Fossil,Macropodinae,non_macropodin,NA,L,Forsyths_Bank,Non_cave,5,8.23,6.32
NTM_P2779_6,3,Bulungamaya_cf_sp_indet,,Fossil,Macropodidae,non_macropodin,NA,L,Kangaroo_Well,Non_cave,24,3.07,2.46
QM_F19961,3,Bulungamaya_delicata,,Fossil,Macropodidae,non_macropodin,NA,L,Camel_Sputum,Cave,17.8,2.87,2.18
QM_F30394,3,Bulungamaya_delicata,,Fossil,Macropodidae,non_macropodin,NA,R,Camel_Sputum,Cave,17.8,2.97,2.35
QM_F20255,3,Bulungamaya_delicata,,Fossil,Macropodidae,non_macropodin,NA,R,Camel_Sputum,Cave,17.8,3.13,2.86
QM_F19937,3,Bulungamaya_delicata,,Fossil,Macropodidae,non_macropodin,NA,L,Waynes_Wok,Cave,17.8,2.84,2.46
QM_F19586 ,3,Bulungamaya_delicata,,Fossil,Macropodidae,non_macropodin,NA,L,Waynes_Wok,Cave,17.8,2.95,2.61
QM_F20165 ,2,Bulungamaya_delicata,,Fossil,Macropodidae,non_macropodin,NA,R,Waynes_Wok,Cave,17.8,2.9,2.57
QM_F19579,3,Bulungamaya_delicata,,Fossil,Macropodidae,non_macropodin,NA,L,Waynes_Wok,Cave,17.8,3.12,2.84
QM_F19937,2,Bulungamaya_delicata,,Fossil,Macropodidae,non_macropodin,NA,L,Waynes_Wok,Cave,17.8,2.86,2.63
QM_F19586 ,2,Bulungamaya_delicata,,Fossil,Macropodidae,non_macropodin,NA,L,Waynes_Wok,Cave,17.8,2.95,3
QM_F19579,2,Bulungamaya_delicata,,Fossil,Macropodidae,non_macropodin,NA,L,Waynes_Wok,Cave,17.8,2.99,3.06
QM_NA,3,Bulungamaya_delicata_cf,,Fossil,Macropodidae,non_macropodin,NA,R,Keiths_Chocky_Block,Non_cave,14.5,3.13,3.27
QM_F9477,3,Congruus_congruus,Originally Congruus_indra,Fossil,Macropodinae,macropodin,NA,L,Chinchilla,Non_cave,3.1,6.25,5.33
SAMA_P21117,2,Congruus_congruus,Originally Congruus_sp_indet,Fossil,Macropodinae,macropodin,NA,R,Hookina_Creek,Non_cave,0.4,6.8,8.4
QM_F19955,3,Cookeroo_hortusensis,,Fossil,Macropodidae,non_macropodin,NA,L,Camel_Sputum,Cave,17.8,4.18,3.02
QM_F20021 ,3,Cookeroo_hortusensis,,Fossil,Macropodidae,non_macropodin,NA,R,Camel_Sputum,Cave,17.8,4.42,3.61
QM_F19955,2,Cookeroo_hortusensis,,Fossil,Macropodidae,non_macropodin,NA,L,Camel_Sputum,Cave,17.8,4.06,3.52
QM_F19904,3,Cookeroo_hortusensis,,Fossil,Macropodidae,non_macropodin,NA,L,Camel_Sputum,Cave,17.8,4.16,3.7
QM_F20020,3,Cookeroo_hortusensis,,Fossil,Macropodidae,non_macropodin,NA,R,Camel_Sputum,Cave,17.8,4.19,3.79
QM_F19807 ,3,Cookeroo_hortusensis,,Fossil,Macropodidae,non_macropodin,NA,R,Camel_Sputum,Cave,17.8,4.5,4.18
QM_F19807 ,2,Cookeroo_hortusensis,,Fossil,Macropodidae,non_macropodin,NA,R,Camel_Sputum,Cave,17.8,4.46,4.22
QM_F20250,3,Cookeroo_hortusensis,,Fossil,Macropodidae,non_macropodin,NA,L,Camel_Sputum,Cave,17.8,4.22,4.03
QM_F19904,2,Cookeroo_hortusensis,,Fossil,Macropodidae,non_macropodin,NA,L,Camel_Sputum,Cave,17.8,4.15,4.14
QM_F20250 ,2,Cookeroo_hortusensis,,Fossil,Macropodidae,non_macropodin,NA,R,Camel_Sputum,Cave,17.8,4.18,4.64
QM_F19817 ,3,Cookeroo_hortusensis,,Fossil,Macropodidae,non_macropodin,NA,L,Upper,Cave,17.8,4.26,3.97
QM_F19949,2,Cookeroo_hortusensis,,Fossil,Macropodidae,non_macropodin,NA,R,Upper,Cave,17.8,4.33,4.08
QM_F19817 ,2,Cookeroo_hortusensis,,Fossil,Macropodidae,non_macropodin,NA,L,Upper,Cave,17.8,4.19,3.98
QM_F20294,2,Cookeroo_hortusensis,,Fossil,Macropodidae,non_macropodin,NA,L,Upper,Cave,17.8,4.13,4.12
QM_F20294,3,Cookeroo_hortusensis,,Fossil,Macropodidae,non_macropodin,NA,L,Upper,Cave,17.8,4.03,4.06
QM_F20259 ,3,Cookeroo_hortusensis,,Fossil,Macropodidae,non_macropodin,NA,R,Waynes_Wok,Cave,17.8,4.2,3.62
QM_F19600,3,Cookeroo_hortusensis,,Fossil,Macropodidae,non_macropodin,NA,R,Waynes_Wok,Cave,17.8,4.43,3.89
QM_F19940,2,Cookeroo_hortusensis,,Fossil,Macropodidae,non_macropodin,NA,L,Waynes_Wok,Cave,17.8,4.32,4.26
QM_JM6664,3,Dendrolagus_matschiei,Originally Dendrolagus_bennettianus,Modern,Macropodinae,non_macropodin,NA,R,Modern,NA,0,4.04,3.95
QM_JM6664,2,Dendrolagus_matschiei,Originally Dendrolagus_bennettianus,Modern,Macropodinae,non_macropodin,NA,R,Modern,NA,0,3.96,4.14
SAMA_M1905,3,Dendrolagus_lumholtzi,,Modern,Macropodinae,non_macropodin,F,R,Modern,NA,0,4.48,3.35
AM_M3344,3,Dendrolagus_lumholtzi,,Modern,Macropodinae,non_macropodin,NA,R,Modern,NA,0,4.38,3.48
SAMA_M1901,3,Dendrolagus_lumholtzi,,Modern,Macropodinae,non_macropodin,M,R,Modern,NA,0,4.61,4.02
SAMA_M1906,3,Dendrolagus_lumholtzi,,Modern,Macropodinae,non_macropodin,M,R,Modern,NA,0,4.59,4.01
QM_J3860,3,Dendrolagus_lumholtzi,,Modern,Macropodinae,non_macropodin,F,R,Modern,NA,0,3.89,3.4
QM_J6290,3,Dendrolagus_lumholtzi,,Modern,Macropodinae,non_macropodin,NA,R,Modern,NA,0,4.31,3.81
SAMA_M1904,3,Dendrolagus_lumholtzi,,Modern,Macropodinae,non_macropodin,M,R,Modern,NA,0,4.52,4.1
SAMA_M2225,2,Dendrolagus_lumholtzi,,Modern,Macropodinae,non_macropodin,NA,R,Modern,NA,0,3.99,3.64
AM_M2802,3,Dendrolagus_lumholtzi,,Modern,Macropodinae,non_macropodin,NA,R,Modern,NA,0,4.22,3.97
AM_M3344,2,Dendrolagus_lumholtzi,,Modern,Macropodinae,non_macropodin,NA,R,Modern,NA,0,4.01,3.91
AM_M9108,3,Dendrolagus_lumholtzi,,Modern,Macropodinae,non_macropodin,M,R,Modern,NA,0,4.15,4.38
AM_S1623,3,Dendrolagus_lumholtzi,,Modern,Macropodinae,non_macropodin,NA,R,Modern,NA,0,4.32,4.63
AM_M2273,3,Dendrolagus_lumholtzi,,Modern,Macropodinae,non_macropodin,NA,R,Modern,NA,0,4.17,4.49
AM_M2287,2,Dendrolagus_lumholtzi,,Modern,Macropodinae,non_macropodin,NA,L,Modern,NA,0,3.8,4.16
AM_M35030,3,Dendrolagus_dorianus,Originally Dendrolagus_ursinus,Modern,Macropodinae,non_macropodin,NA,R,Modern,NA,0,5.06,3.85
AM_M28262,3,Dendrolagus_dorianus,Originally Dendrolagus_ursinus,Modern,Macropodinae,non_macropodin,NA,R,Modern,NA,0,4.46,3.52
AM_M37892,3,Dendrolagus_dorianus,Originally Dendrolagus_ursinus,Modern,Macropodinae,non_macropodin,NA,R,Modern,NA,0,4.74,3.76
AM_M17230,3,Dendrolagus_dorianus,Originally Dendrolagus_ursinus,Modern,Macropodinae,non_macropodin,NA,R,Modern,NA,0,4.64,4
AM_M17230,2,Dendrolagus_dorianus,Originally Dendrolagus_ursinus,Modern,Macropodinae,non_macropodin,NA,R,Modern,NA,0,4.28,3.84
AM_M35030,2,Dendrolagus_dorianus,Originally Dendrolagus_ursinus,Modern,Macropodinae,non_macropodin,NA,R,Modern,NA,0,4.52,4.33
AM_M28262,2,Dendrolagus_dorianus,Originally Dendrolagus_ursinus,Modern,Macropodinae,non_macropodin,NA,R,Modern,NA,0,4.41,4.33
AM_M37894,2,Dendrolagus_dorianus,Originally Dendrolagus_ursinus,Modern,Macropodinae,non_macropodin,NA,R,Modern,NA,0,4.13,4.45
AM_A3663,3,Dorcopsis_hageni,Originally Dorcopsis_luctosa,Modern,Macropodinae,non_macropodin,F,R,Modern,NA,0,4.53,4.65
AM_M8665,3,Dorcopsis_hageni,Originally Dorcopsis_luctosa,Modern,Macropodinae,non_macropodin,F,R,Modern,NA,0,4.58,4.82
AM_M8665,2,Dorcopsis_hageni,Originally Dorcopsis_luctosa,Modern,Macropodinae,non_macropodin,F,R,Modern,NA,0,4.02,4.26
AM_M12659,3,Dorcopsis_hageni,Originally Dorcopsis_luctosa,Modern,Macropodinae,non_macropodin,NA,R,Modern,NA,0,4.21,4.85
WAM_M519,2,Dorcopsis_veterum,Originally Dorcopsis_muelleri,Modern,Macropodinae,non_macropodin,M,L,Modern,NA,0,4.09,4.89
SAMA_P24133,2,Dorcopsis_sp_indet,,Fossil,Macropodinae,non_macropodin,NA,R,Sunlands,Non_cave,6.3,4.32,4.25
NTM_P8728,2,Dorcopsoides_fossilis,,Fossil,Macropodinae,non_macropodin,NA,R,Alcoota,Non_cave,7,5.23,3.34
NTM_SP352,3,Dorcopsoides_fossilis,,Fossil,Macropodinae,non_macropodin,NA,L,Alcoota,Non_cave,7,5.43,3.55
NTM_P_unreg,2,Dorcopsoides_fossilis,,Fossil,Macropodinae,non_macropodin,NA,R,Alcoota,Non_cave,7,5.28,3.58
NTM_MP790,3,Dorcopsoides_fossilis,,Fossil,Macropodinae,non_macropodin,NA,L,Alcoota,Non_cave,7,5.64,3.89
NTM_P8728_9,2,Dorcopsoides_fossilis,,Fossil,Macropodinae,non_macropodin,NA,L,Alcoota,Non_cave,7,5.07,3.5
NTM_A77,3,Dorcopsoides_fossilis,,Fossil,Macropodinae,non_macropodin,NA,L,Alcoota,Non_cave,7,5.77,4
NTM_P8728,3,Dorcopsoides_fossilis,,Fossil,Macropodinae,non_macropodin,NA,R,Alcoota,Non_cave,7,5.69,4.02
NTM_MP298,2,Dorcopsoides_fossilis,,Fossil,Macropodinae,non_macropodin,NA,R,Alcoota,Non_cave,7,5.41,3.84
NTM_SP928,2,Dorcopsoides_fossilis,,Fossil,Macropodinae,non_macropodin,NA,L,Alcoota,Non_cave,7,5.55,4.05
NTM_P8728_9,3,Dorcopsoides_fossilis,,Fossil,Macropodinae,non_macropodin,NA,L,Alcoota,Non_cave,7,5.36,4.02
NTM_P_unreg,2,Dorcopsoides_fossilis,,Fossil,Macropodinae,non_macropodin,NA,L,Alcoota,Non_cave,7,4.97,3.74
NTM_P_unreg,3,Dorcopsoides_fossilis,,Fossil,Macropodinae,non_macropodin,NA,L,Alcoota,Non_cave,7,6.21,4.73
NTM_SP286,2,Dorcopsoides_fossilis,,Fossil,Macropodinae,non_macropodin,NA,R,Alcoota,Non_cave,7,5.61,4.31
NTM_P5001,2,Dorcopsoides_fossilis,,Fossil,Macropodinae,non_macropodin,NA,L,Alcoota,Non_cave,7,5.58,4.4
NTM_P98731,3,Dorcopsoides_fossilis,,Fossil,Macropodinae,non_macropodin,NA,L,Alcoota,Non_cave,7,5.3,4.3
NTM_P_unreg,2,Dorcopsoides_fossilis,,Fossil,Macropodinae,non_macropodin,NA,L,Alcoota,Non_cave,7,5.58,4.53
NTM_P_unreg,3,Dorcopsoides_fossilis,,Fossil,Macropodinae,non_macropodin,NA,L,Alcoota,Non_cave,7,5.28,4.3
NTM_P98733,3,Dorcopsoides_fossilis,,Fossil,Macropodinae,non_macropodin,NA,L,Alcoota,Non_cave,7,5.01,4.25
NTM_P_unreg,2,Dorcopsoides_fossilis,,Fossil,Macropodinae,non_macropodin,NA,L,Alcoota,Non_cave,7,5.07,4.32
NTM_SP286,3,Dorcopsoides_fossilis,,Fossil,Macropodinae,non_macropodin,NA,R,Alcoota,Non_cave,7,5.74,4.91
NTM_P_unreg,3,Dorcopsoides_fossilis,,Fossil,Macropodinae,non_macropodin,NA,L,Alcoota,Non_cave,7,5.5,4.73
AM_M16257,3,Dorcopsulus_vanheurni,,Modern,Macropodinae,non_macropodin,M,R,Modern,NA,0,3.48,3.07
AM_M16256,2,Dorcopsulus_vanheurni,,Modern,Macropodinae,non_macropodin,F,R,Modern,NA,0,2.95,2.68
AM_M16258,2,Dorcopsulus_vanheurni,,Modern,Macropodinae,non_macropodin,M,R,Modern,NA,0,3.21,2.94
AM_M9512,3,Dorcopsulus_vanheurni,,Modern,Macropodinae,non_macropodin,NA,R,Modern,NA,0,3.63,3.34
AM_M16258,3,Dorcopsulus_vanheurni,,Modern,Macropodinae,non_macropodin,M,R,Modern,NA,0,3.59,3.49
AM_M16256,3,Dorcopsulus_vanheurni,,Modern,Macropodinae,non_macropodin,F,R,Modern,NA,0,3.33,3.31
AM_M16257,2,Dorcopsulus_vanheurni,,Modern,Macropodinae,non_macropodin,M,R,Modern,NA,0,3.09,3.21
AM_M15719,2,Dorcopsulus_vanheurni,,Modern,Macropodinae,non_macropodin,NA,R,Modern,NA,0,2.74,2.9
AM_M15719,3,Dorcopsulus_vanheurni,,Modern,Macropodinae,non_macropodin,NA,R,Modern,NA,0,2.91,3.27
QM_F16840,3,Ganawamaya_acris,,Fossil,Balbarinae,non_macropodin,NA,R,RSO,Cave,16.6,4.64,3.06
QM_F19661 ,2,Ganawamaya_acris,,Fossil,Balbarinae,non_macropodin,NA,R,Upper,Cave,17.8,4.51,4.37
QM_F57788,2,Ganawamaya_acris,,Fossil,Balbarinae,non_macropodin,NA,L,Waynes_Wok,Cave,17.8,4.48,3.63
QM_F19899,3,Ganawamaya_acris,,Fossil,Balbarinae,non_macropodin,NA,R,Waynes_Wok,Cave,17.8,4.92,4.03
QM_F57788,3,Ganawamaya_acris,,Fossil,Balbarinae,non_macropodin,NA,L,Waynes_Wok,Cave,17.8,4.82,4.28
QM_F57789,3,Ganawamaya_acris,,Fossil,Balbarinae,non_macropodin,NA,R,Waynes_Wok,Cave,17.8,4.87,4.67
QM_F57789,2,Ganawamaya_acris,,Fossil,Balbarinae,non_macropodin,NA,R,Waynes_Wok,Cave,17.8,4.74,4.72
QM_F16843,3,Ganawamaya_aediculis,,Fossil,Balbarinae,non_macropodin,NA,R,White_Hunter,Non_cave,17.8,4.33,3.57
QM_F16843,2,Ganawamaya_aediculis,,Fossil,Balbarinae,non_macropodin,NA,R,White_Hunter,Non_cave,17.8,4.23,3.63
QM_F19584A,3,Ganawamaya_aediculis,,Fossil,Balbarinae,non_macropodin,NA,R,White_Hunter,Non_cave,17.8,4.09,4.13
UCMP_57337,2,Ganawamaya_couperi,,Fossil,Balbarinae,non_macropodin,NA,R,Discovery_Basin_1,Non_cave,24.6,2.97,2.75
QM_F30401,3,Ganawamaya_couperi,,Fossil,Balbarinae,non_macropodin,NA,R,White_Hunter,Non_cave,17.8,4.07,3.25
QM_F34532 ,2,Ganawamaya_gillespieae,,Fossil,Balbarinae,non_macropodin,NA,L,Quantum_Leap,Non_cave,17.8,4.25,3.34
QM_F19903,3,Ganguroo_bilamina,,Fossil,Macropodidae,non_macropodin,NA,R,Camel_Sputum,Cave,17.8,3.01,2.38
QM_F56996,2,Ganguroo_bilamina,,Fossil,Macropodidae,non_macropodin,NA,L,Camel_Sputum,Cave,17.8,2.84,2.36
QM_F19900,3,Ganguroo_bilamina,,Fossil,Macropodidae,non_macropodin,NA,L,Camel_Sputum,Cave,17.8,4.45,4.02
QM_F56996,3,Ganguroo_bilamina,,Fossil,Macropodidae,non_macropodin,NA,L,Camel_Sputum,Cave,17.8,3.02,2.8
QM_F20006,3,Ganguroo_bilamina,,Fossil,Macropodidae,non_macropodin,NA,L,Inabeyance,Cave,17.8,2.9,2.88
QM_F20006,2,Ganguroo_bilamina,,Fossil,Macropodidae,non_macropodin,NA,L,Inabeyance,Cave,17.8,2.8,2.95
QM_F19646,3,Ganguroo_bilamina,,Fossil,Macropodidae,non_macropodin,NA,R,Upper,Cave,17.8,3.02,2.66
QM_F57021,2,Ganguroo_bilamina,,Fossil,Macropodidae,non_macropodin,NA,R,Waynes_Wok,Cave,17.8,3.18,2.49
QM_F57021,3,Ganguroo_bilamina,,Fossil,Macropodidae,non_macropodin,NA,R,Waynes_Wok,Cave,17.8,2.66,2.27
QM_F19602,2,Ganguroo_bilamina,,Fossil,Macropodidae,non_macropodin,NA,L,Waynes_Wok,Cave,17.8,2.97,2.77
QM_F19602,3,Ganguroo_bilamina,,Fossil,Macropodidae,non_macropodin,NA,L,Waynes_Wok,Cave,17.8,3.01,2.81
QM_F20344,3,Ganguroo_robustiter,,Fossil,Macropodidae,non_macropodin,NA,L,Gag,Non_cave,14.5,5.03,4.08
QM_F23836,3,Ganguroo_robustiter,,Fossil,Macropodidae,non_macropodin,NA,L,Gag,Non_cave,14.5,3.3,3.06
QM_F20350 ,3,Ganguroo_robustiter,,Fossil,Macropodidae,non_macropodin,NA,L,Gag,Non_cave,14.5,3.62,3.43
QM_F20344,2,Ganguroo_robustiter,,Fossil,Macropodidae,non_macropodin,NA,L,Gag,Non_cave,14.5,3.25,3.36
QM_F20328,2,Ganguroo_robustiter,,Fossil,Macropodidae,non_macropodin,NA,R,Gag,Non_cave,14.5,2.95,3.07
QM_F20328,3,Ganguroo_robustiter,,Fossil,Macropodidae,non_macropodin,NA,L,Gag,Non_cave,14.5,3.12,3.72
QM_F20501,3,Ganguroo_robustiter,,Fossil,Macropodidae,non_macropodin,NA,R,Henks_Hollow,Non_cave,14.5,4.43,3.66
QM_F23531,3,Ganguroo_robustiter,,Fossil,Macropodidae,non_macropodin,NA,L,Jims_Carousel,Non_cave,14.5,3.94,3.41
QM_F23531,2,Ganguroo_robustiter,,Fossil,Macropodidae,non_macropodin,NA,L,Jims_Carousel,Non_cave,14.5,3.83,3.46
QM_F20276,2,Ganguroo_robustiter,,Fossil,Macropodidae,non_macropodin,NA,R,Last_Minute,Non_cave,14.5,3.4,3.11
SAMA_P27811,2,Ganguroo_robustiter_cf,,Fossil,Macropodidae,non_macropodin,NA,R,Waynes_Wok,Cave,17.8,4.13,3.57
SAMA_P27810,2,Ganguroo_robustiter_cf,,Fossil,Macropodidae,non_macropodin,NA,R,Waynes_Wok,Cave,17.8,4.17,4.22
NTM_P9464_217,3,Ganguroo_sp_indet,,Fossil,Macropodidae,non_macropodin,NA,R,Bullock_Creek,Non_cave,14.5,4.38,4.25
QM_F20027 ,3,Gumardee_keari,,Fossil,Macropodidae,non_macropodin,NA,R,Camel_Sputum,Cave,17.8,4.37,3.69
QM_F19888 ,2,Gumardee_keari,,Fossil,Macropodidae,non_macropodin,NA,L,Camel_Sputum,Cave,17.8,4.4,4.49
QM_F19685 ,3,Gumardee_keari,,Fossil,Macropodidae,non_macropodin,NA,R,Upper,Cave,17.8,4.11,3.58
QM_F57549,3,Gumardee_sp2,,Fossil,Macropodidae,non_macropodin,NA,L,Camel_Sputum,Cave,17.8,4.53,3.79
QM_F57549,2,Gumardee_sp2,,Fossil,Macropodidae,non_macropodin,NA,L,Camel_Sputum,Cave,17.8,4.58,4.73
QM_F57556,3,Gumardee_springae,,Fossil,Macropodidae,non_macropodin,NA,L,White_Hunter,Non_cave,17.8,4.41,4.08
QM_F57553,2,Gumardee_springae,,Fossil,Macropodidae,non_macropodin,NA,R,White_Hunter,Non_cave,17.8,4.51,4.28
QM_F19922 ,3,Gumardee_springae,,Fossil,Macropodidae,non_macropodin,NA,L,White_Hunter,Non_cave,17.8,4.59,4.42
QM_F57553,3,Gumardee_springae,,Fossil,Macropodidae,non_macropodin,NA,R,White_Hunter,Non_cave,17.8,4.5,4.38
QM_F20076 ,3,Gumardee_webbi,,Fossil,Macropodidae,non_macropodin,NA,R,Waynes_Wok,Cave,17.8,4.73,3.98
NTM_P98146,2,Hadronomas_puckridgi,,Fossil,Sthenurinae,non_macropodin,NA,R,Alcoota,Non_cave,7,7.8,5.67
NTM_MP1148,3,Hadronomas_puckridgi,,Fossil,Sthenurinae,non_macropodin,NA,R,Alcoota,Non_cave,7,7.8,5.99
NTM_P9722_2,3,Hadronomas_puckridgi,,Fossil,Sthenurinae,non_macropodin,NA,R,Alcoota,Non_cave,7,8.24,6.63
NTM_P8722_2,2,Hadronomas_puckridgi,,Fossil,Sthenurinae,non_macropodin,NA,L,Alcoota,Non_cave,7,7.82,6.32
NTM_P5328,3,Hadronomas_puckridgi,,Fossil,Sthenurinae,non_macropodin,NA,L,Alcoota,Non_cave,7,8.4,6.79
NTM_P8722_2,3,Hadronomas_puckridgi,,Fossil,Sthenurinae,non_macropodin,NA,L,Alcoota,Non_cave,7,8.35,6.84
NTM_P98146,3,Hadronomas_puckridgi,,Fossil,Sthenurinae,non_macropodin,NA,R,Alcoota,Non_cave,7,8.58,7.06
NTM_P8722_2,3,Hadronomas_puckridgi,,Fossil,Sthenurinae,non_macropodin,NA,R,Alcoota,Non_cave,7,8.22,7.24
NTM_P8722_2,2,Hadronomas_puckridgi,,Fossil,Sthenurinae,non_macropodin,NA,R,Alcoota,Non_cave,7,7.73,6.85
NTM_P5327D,3,Hadronomas_puckridgi,,Fossil,Sthenurinae,non_macropodin,NA,L,Alcoota,Non_cave,7,7.81,7.22
NTM_P_unreg,2,Hadronomas_puckridgi,,Fossil,Sthenurinae,non_macropodin,NA,L,Alcoota,Non_cave,7,7.73,7.5
ANWC_CM13430,3,Hypsiprymnodon_moschatus,,Modern,Hypsiprymnodontidae,non_macropodin,NA,R,Modern,NA,0,2.13,1.67
ANWC_CM12695,3,Hypsiprymnodon_moschatus,,Modern,Hypsiprymnodontidae,non_macropodin,NA,R,Modern,NA,0,1.98,1.57
ANWC_CM12695,2,Hypsiprymnodon_moschatus,,Modern,Hypsiprymnodontidae,non_macropodin,NA,R,Modern,NA,0,2.16,1.72
ANWC_CM15551,2,Hypsiprymnodon_moschatus,,Modern,Hypsiprymnodontidae,non_macropodin,NA,R,Modern,NA,0,2.37,2.04
ANWC_CM16207,2,Hypsiprymnodon_moschatus,,Modern,Hypsiprymnodontidae,non_macropodin,NA,R,Modern,NA,0,2.41,2.08
NMV_P160186,3,Hypsiprymnodon_sp_indet,,Fossil,Hypsiprymnodontidae,non_macropodin,NA,R,Grange_Burn,Non_cave,4.6,1.84,1.09
AM_F64018,2,Kurrabi_mahoneyi,,Fossil,Macropodinae,macropodin,NA,L,Bow,Non_cave,4,6.28,9
AM_F59572,2,Kurrabi_merriwaensis,,Fossil,Macropodinae,macropodin,NA,L,Bow,Non_cave,4,6.51,7.56
AM_F64087,3,Kurrabi_merriwaensis_cf,,Fossil,Macropodinae,macropodin,NA,L,Bow,Non_cave,4,7.04,7.42
AM_F64196,3,Kurrabi_merriwaensis_cf,,Fossil,Macropodinae,macropodin,NA,L,Bow,Non_cave,4,7.47,8.29
NMV_P158634,2,Kurrabi_pelchenorum,,Fossil,Macropodinae,macropodin,NA,L,Grange_Burn,Non_cave,4.6,7.61,5.8
NMV_P158425,2,Kurrabi_pelchenorum,,Fossil,Macropodinae,macropodin,NA,L,Grange_Burn,Non_cave,4.6,7.05,7.42
NMV P54113,2,Kurrabi_pelchenorum,,Fossil,Macropodinae,macropodin,NA,R,Grange_Burn,Non_cave,4.6,7.73,8.4
AM_F64163,3,Kurrabi_sp_indet,,Fossil,Macropodinae,macropodin,NA,R,Bow,Non_cave,4,6.54,6.42
AM_F64166,3,Kurrabi_sp_indet,,Fossil,Macropodinae,macropodin,NA,R,Bow,Non_cave,4,6.23,7.32
SAMA_P54690,2,Lagorchestes_cf_sp_indet,,Fossil,Macropodinae,macropodin,NA,L,Stirton_Quarry,Non_cave,3.6,4.8,5.35
SAMA_M15952,3,Lagorchestes_conspicillatus,,Modern,Macropodinae,macropodin,F,L,Modern,NA,0,4.39,4.31
SAMA_M5152,3,Lagorchestes_conspicillatus,,Modern,Macropodinae,macropodin,F,R,Modern,NA,0,4.24,4.73
AM_M5950,3,Lagorchestes_conspicillatus,,Modern,Macropodinae,macropodin,NA,R,Modern,NA,0,4.13,4.75
WAM_M21262,2,Lagorchestes_conspicillatus,,Modern,Macropodinae,macropodin,M,R,Modern,NA,0,4.31,4.96
WAM_M34146,3,Lagorchestes_conspicillatus,,Modern,Macropodinae,macropodin,NA,R,Modern,NA,0,4.33,4.99
AM_M5733,3,Lagorchestes_conspicillatus,,Modern,Macropodinae,macropodin,M,R,Modern,NA,0,4.06,4.71
WAM_M26880A,3,Lagorchestes_conspicillatus,,Modern,Macropodinae,macropodin,M,R,Modern,NA,0,4.3,5.07
WAM_M44900,2,Lagorchestes_conspicillatus,,Modern,Macropodinae,macropodin,NA,R,Modern,NA,0,4.28,5.19
AM_M42814,3,Lagorchestes_hirsutus,,Modern,Macropodinae,macropodin,M,R,Modern,NA,0,3.61,3.57
AM_M37520,2,Lagorchestes_hirsutus,,Modern,Macropodinae,macropodin,M,R,Modern,NA,0,3.49,3.89
SAMA_M3102,2,Lagorchestes_hirsutus,,Modern,Macropodinae,macropodin,F,R,Modern,NA,0,3.04,3.47
SAMA_M3100,2,Lagorchestes_hirsutus,,Modern,Macropodinae,macropodin,NA,R,Modern,NA,0,3.5,4.12
SAMA_M3586,2,Lagorchestes_hirsutus,,Modern,Macropodinae,macropodin,NA,R,Modern,NA,0,3.39,5.43
AM_M1426,2,Lagostrophus_fasciatus,,Modern,Lagostrophinae,non_macropodin,F,R,Modern,NA,0,3.55,3.22
WAM_NA,2,Lagostrophus_fasciatus,,Modern,Lagostrophinae,non_macropodin,NA,R,Modern,NA,0,3.44,3.21
WAM_M4135xxA,2,Lagostrophus_fasciatus,,Modern,Lagostrophinae,non_macropodin,NA,R,Modern,NA,0,3.43,3.31
AM_M40303,3,Lagostrophus_fasciatus,,Modern,Lagostrophinae,non_macropodin,NA,R,Modern,NA,0,3.54,3.42
WAM_M16487,3,Lagostrophus_fasciatus,,Modern,Lagostrophinae,non_macropodin,NA,R,Modern,NA,0,3.87,4.02
WAM_M27239ii,3,Lagostrophus_fasciatus,,Modern,Lagostrophinae,non_macropodin,NA,R,Modern,NA,0,3.82,4.05
WAM_M5625,3,Lagostrophus_fasciatus,,Modern,Lagostrophinae,non_macropodin,NA,R,Modern,NA,0,3.8,4.09
AM_X?1098,3,Lagostrophus_fasciatus,,Modern,Lagostrophinae,non_macropodin,NA,R,Modern,NA,0,3.6,3.97
WAM_M27239i,2,Lagostrophus_fasciatus,,Modern,Lagostrophinae,non_macropodin,NA,R,Modern,NA,0,3.55,3.92
WAM_M16285,3,Lagostrophus_fasciatus,,Modern,Lagostrophinae,non_macropodin,NA,R,Modern,NA,0,3.76,4.19
WAM_M5665,2,Lagostrophus_fasciatus,,Modern,Lagostrophinae,non_macropodin,NA,L,Modern,NA,0,3.17,3.54
WAM_M24318,2,Lagostrophus_fasciatus,,Modern,Lagostrophinae,non_macropodin,NA,R,Modern,NA,0,3.67,4.15
WAM_M5669,3,Lagostrophus_fasciatus,,Modern,Lagostrophinae,non_macropodin,NA,R,Modern,NA,0,3.6,4.15
WAM_M24317,2,Lagostrophus_fasciatus,,Modern,Lagostrophinae,non_macropodin,NA,R,Modern,NA,0,3.46,4.14
QM_F20418,3,Macropodidae_gen_et_sp_indet,,Fossil,Macropodidae,non_macropodin,NA,L,Henks_Hollow,Non_cave,14.5,3.44,2.45
QM_F20459,3,Macropodidae_gen_et_sp_indet,,Fossil,Macropodidae,non_macropodin,NA,R,Henks_Hollow,Non_cave,14.5,3.43,3.05
QM_F20442 ,3,Macropodidae_gen_et_sp_indet,,Fossil,Macropodidae,non_macropodin,NA,L,Henks_Hollow,Non_cave,14.5,2.42,2.36
QM_F20426 ,2,Macropodidae_gen_et_sp_indet_cf_QMF20437,,Fossil,Macropodidae,non_macropodin,NA,L,Henks_Hollow,Non_cave,14.5,2.16,1.86
QM_F20379,2,Macropodoidea_gen_et_sp_indet,,Fossil,Macropodoidea,non_macropodin,NA,R,Henks_Hollow,Non_cave,14.5,3.37,3.43
WAM_M15836,3,Macropus_agilis,,Modern,Macropodinae,macropodin,F,R,Modern,NA,0,6.27,5.45
WAM_M22292,3,Macropus_agilis,,Modern,Macropodinae,macropodin,NA,R,Modern,NA,0,6.37,6.93
WAM_M22292,3,Macropus_agilis,,Modern,Macropodinae,macropodin,NA,L,Modern,NA,0,6.21,7.21
WAM_M4613,2,Macropus_agilis,,Modern,Macropodinae,macropodin,M,R,Modern,NA,0,5.57,6.61
WAM_M4812,3,Macropus_agilis,,Modern,Macropodinae,macropodin,M,R,Modern,NA,0,6.44,8
SAMA_M5183,3,Macropus_agilis,,Modern,Macropodinae,macropodin,NA,L,Modern,NA,0,6,7.82
WAM_M24230,2,Macropus_agilis,,Modern,Macropodinae,macropodin,M,R,Modern,NA,0,5.33,7.11
NMV_P233184a,3,Macropus_cf_sp_indet,,Fossil,Macropodinae,macropodin,NA,L,Dutton_Way,Non_cave,3,4.01,4.38
QM_F9081,3,Macropus_dryas,,Fossil,Macropodinae,macropodin,NA,L,Bluff_Downs,Non_cave,4,7.53,6.66
AM_F59546,2,Macropus_dryas,,Fossil,Macropodinae,macropodin,NA,L,Bow,Non_cave,4,8.08,8.43
QM_F3588,2,Macropus_dryas,,Fossil,Macropodinae,macropodin,NA,R,Chinchilla,Non_cave,3.1,7.75,8.39
QM_F4636,2,Macropus_dryas,,Fossil,Macropodinae,macropodin,NA,L,Chinchilla,Non_cave,3.1,8.18,9.39
QM_F7782,3,Macropus_dryas_cf,,Fossil,Macropodinae,macropodin,NA,R,Bluff_Downs,Non_cave,4,6.19,6.77
QM_F9098,3,Macropus_dryas_cf,,Fossil,Macropodinae,macropodin,NA,R,Bluff_Downs,Non_cave,4,7.54,8.5
QM_F9094,3,Macropus_dryas_cf,,Fossil,Macropodinae,macropodin,NA,L,Bluff_Downs,Non_cave,4,7.26,8.48
QM_F9082,2,Macropus_dryas_cf,,Fossil,Macropodinae,macropodin,NA,R,Bluff_Downs,Non_cave,4,7.12,8.48
QM_F9079,2,Macropus_dryas_cf,,Fossil,Macropodinae,macropodin,NA,R,Bluff_Downs,Non_cave,4,6.75,8.66
WAM_M3889,3,Macropus_eugenii,,Modern,Macropodinae,macropodin,M,R,Modern,NA,0,4.25,3.91
WAM_M4251,3,Macropus_eugenii,,Modern,Macropodinae,macropodin,M,R,Modern,NA,0,4.1,3.86
WAM_M4247,3,Macropus_eugenii,,Modern,Macropodinae,macropodin,M,R,Modern,NA,0,4.23,4.15
WAM_M4249,3,Macropus_eugenii,,Modern,Macropodinae,macropodin,NA,R,Modern,NA,0,4.11,4.06
WAM_M4164,3,Macropus_eugenii,,Modern,Macropodinae,macropodin,NA,R,Modern,NA,0,3.98,4.11
WAM_M4307,3,Macropus_eugenii,,Modern,Macropodinae,macropodin,F,R,Modern,NA,0,3.94,4.13
WAM_M7093,3,Macropus_eugenii,,Modern,Macropodinae,macropodin,F,L,Modern,NA,0,3.86,4.2
WAM_M4248,2,Macropus_eugenii,,Modern,Macropodinae,macropodin,NA,R,Modern,NA,0,3.8,4.14
WAM_M4250,3,Macropus_eugenii,,Modern,Macropodinae,macropodin,M,R,Modern,NA,0,4.2,4.6
WAM_M4642,3,Macropus_eugenii,,Modern,Macropodinae,macropodin,M,R,Modern,NA,0,4.54,5.04
WAM_M3390,3,Macropus_eugenii,,Modern,Macropodinae,macropodin,M,R,Modern,NA,0,4.36,5.03
WAM_M4157,2,Macropus_eugenii,,Modern,Macropodinae,macropodin,M,R,Modern,NA,0,4.18,4.83
WAM_M4167,3,Macropus_eugenii,,Modern,Macropodinae,macropodin,NA,R,Modern,NA,0,4.34,5.04
WAM_M841,3,Macropus_eugenii,,Modern,Macropodinae,macropodin,F,R,Modern,NA,0,4.25,5.16
WAM_M2775,2,Macropus_eugenii,,Modern,Macropodinae,macropodin,F,L,Modern,NA,0,3.89,4.75
WAM_M4430,3,Macropus_eugenii,,Modern,Macropodinae,macropodin,F,R,Modern,NA,0,4.17,5.2
WAM_M4158,3,Macropus_eugenii,,Modern,Macropodinae,macropodin,M,R,Modern,NA,0,4.58,5.73
WAM_M4163,3,Macropus_eugenii,,Modern,Macropodinae,macropodin,M,R,Modern,NA,0,4.48,5.82
UCMP_56448,3,Macropus_ferragus,,Fossil,Macropodinae,macropodin,NA,L,Cooper_Creek_Site_4,Non_cave,0.4,12.22,12.77
NMV_P252068,3,Macropus_ferragus_cf,,Fossil,Macropodinae,macropodin,NA,L,Childers_Cove,Non_cave,2,9.61,10.69
NMV_P229104,3,Macropus_ferragus_cf,,Fossil,Macropodinae,macropodin,NA,R,Childers_Cove,Non_cave,2,10.21,12.65
WAM_M16403,3,Macropus_fuliginosus,,Modern,Macropodinae,macropodin,M,L,Modern,NA,0,7.76,9.18
WAM_M8389,2,Macropus_fuliginosus,,Modern,Macropodinae,macropodin,NA,L,Modern,NA,0,7.97,9.78
SAMA_M10301,2,Macropus_fuliginosus,,Modern,Macropodinae,macropodin,NA,R,Modern,NA,0,7.85,9.94
SAMA_M874,2,Macropus_fuliginosus,,Modern,Macropodinae,macropodin,M,R,Modern,NA,0,7.39,9.5
FU_2001_9_19_1,3,Macropus_fuliginosus,,Modern,Macropodinae,macropodin,NA,R,Modern,NA,0,8.08,10.62
FU_2003_2_3_6b,3,Macropus_fuliginosus,,Modern,Macropodinae,macropodin,NA,L,Modern,NA,0,7.74,10.77
FU_2003_5_26_18,3,Macropus_fuliginosus,,Modern,Macropodinae,macropodin,NA,R,Modern,NA,0,7.71,10.98
FU_2003_12_14_2,3,Macropus_fuliginosus,,Modern,Macropodinae,macropodin,NA,R,Modern,NA,0,7.98,11.53
SAMA_M298,2,Macropus_fuliginosus,,Modern,Macropodinae,macropodin,F,R,Modern,NA,0,8.09,12.51
FU_2004_11_3_2,3,Macropus_fuliginosus,,Modern,Macropodinae,macropodin,NA,R,Modern,NA,0,8.33,12.89
SAMA_M130,3,Macropus_irma,,Modern,Macropodinae,macropodin,M,R,Modern,NA,0,5.93,5.72
WAM_M6146,3,Macropus_irma,,Modern,Macropodinae,macropodin,NA,L,Modern,NA,0,5.94,6.2
WAM_M7519,3,Macropus_irma,,Modern,Macropodinae,macropodin,NA,L,Modern,NA,0,5.55,6.18
WAM_M16416,3,Macropus_irma,,Modern,Macropodinae,macropodin,F,R,Modern,NA,0,5.13,5.81
WAM_M19487,3,Macropus_irma,,Modern,Macropodinae,macropodin,NA,R,Modern,NA,0,5.05,5.86
WAM_M16418,2,Macropus_irma,,Modern,Macropodinae,macropodin,M,R,Modern,NA,0,5.12,5.95
WAM_M16421,3,Macropus_irma,,Modern,Macropodinae,macropodin,F,R,Modern,NA,0,5.21,6.09
WAM_M24231,3,Macropus_irma,,Modern,Macropodinae,macropodin,M,R,Modern,NA,0,5.17,6.07
WAM_M6206,2,Macropus_irma,,Modern,Macropodinae,macropodin,M,R,Modern,NA,0,5.21,6.29
WAM_M7491,2,Macropus_irma,,Modern,Macropodinae,macropodin,M,R,Modern,NA,0,4.84,6.31
WAM_97_5_108,3,Macropus_irma,,Fossil,Macropodinae,macropodin,NA,L,Tight_Entrance_Cave_Unit_B,Cave,0.1,5.5,5.91
WAM_08_8_461,2,Macropus_irma,,Fossil,Macropodinae,macropodin,NA,L,Tight_Entrance_Cave_Unit_B,Cave,0.1,5.58,6.37
SAMA_M10962,2,Macropus_parma,,Modern,Macropodinae,macropodin,M,L,Modern,NA,0,4.19,5.15
SAMA_M10957,2,Macropus_parma,,Modern,Macropodinae,macropodin,F,R,Modern,NA,0,3.94,5.54
SAMA_M2630,3,Macropus_parryi,,Modern,Macropodinae,macropodin,F,R,Modern,NA,0,5.58,7.4
FU_2003_8_28_7,2,Macropus_parryi,,Modern,Macropodinae,macropodin,NA,L,Modern,NA,0,5.61,7.68
QM_F9110,3,Macropus_pavana,,Fossil,Macropodinae,macropodin,NA,R,Bluff_Downs,Non_cave,4,11.53,12.12
QM_F9111,2,Macropus_pavana,,Fossil,Macropodinae,macropodin,NA,R,Bluff_Downs,Non_cave,4,9.09,11.94
NMV_P221863,2,Macropus_pearsoni,,Fossil,Macropodinae,macropodin,NA,R,Childers_Cove,Non_cave,2,9.08,11.67
QM_F40758,3,Macropus_pearsoni,,Fossil,Macropodinae,macropodin,NA,L,Umbrian_Creek,Non_cave,0.1,9.37,14.19
AM_M9313,3,Macropus_robustus,,Modern,Macropodinae,macropodin,NA,R,Modern,NA,0,7.76,8.08
SAMA_M578,2,Macropus_robustus,,Modern,Macropodinae,macropodin,F,R,Modern,NA,0,7.73,8.53
FU_2003_9_12_21,2,Macropus_robustus,,Modern,Macropodinae,macropodin,NA,R,Modern,NA,0,7.53,9.15
AM_M5427,3,Macropus_robustus,,Modern,Macropodinae,macropodin,NA,L,Modern,NA,0,7.63,9.35
FU_2003_8_25_8,3,Macropus_robustus,,Modern,Macropodinae,macropodin,NA,R,Modern,NA,0,8.69,10.83
SAMA_M277,3,Macropus_robustus,,Modern,Macropodinae,macropodin,M,R,Modern,NA,0,8.05,10.96
AM_M9360,3,Macropus_robustus,,Modern,Macropodinae,macropodin,NA,R,Modern,NA,0,7.73,10.54
AM_M5336,2,Macropus_robustus,,Modern,Macropodinae,macropodin,NA,R,Modern,NA,0,7.49,10.32
WAM_M5137,2,Macropus_rufus,,Modern,Macropodinae,macropodin,NA,R,Modern,NA,0,7.8,9.63
WAM_M3524,2,Macropus_rufus,,Modern,Macropodinae,macropodin,M,R,Modern,NA,0,7.96,10.06
FU_2003_9_11_5,3,Macropus_rufus,,Modern,Macropodinae,macropodin,NA,L,Modern,NA,0,8.81,11.17
WAM_M6509,3,Macropus_rufus,,Modern,Macropodinae,macropodin,F,R,Modern,NA,0,8.29,10.74
SAMA_M2096,3,Macropus_rufus,,Modern,Macropodinae,macropodin,NA,R,Modern,NA,0,7.78,10.12
SAMA_M272,2,Macropus_rufus,,Modern,Macropodinae,macropodin,F,R,Modern,NA,0,7.63,10.04
FU_2003_9_12_5,3,Macropus_rufus,,Modern,Macropodinae,macropodin,NA,R,Modern,NA,0,8.24,11.46
FU_2003_9_12_3,3,Macropus_rufus,,Modern,Macropodinae,macropodin,NA,L,Modern,NA,0,8.99,12.77
FU_2003_9_12_12,3,Macropus_rufus,,Modern,Macropodinae,macropodin,NA,R,Modern,NA,0,8.81,12.8
FU_2001_9_23_47,3,Macropus_rufus,,Modern,Macropodinae,macropodin,NA,L,Modern,NA,0,8.15,12.29
FU_2003_9_14_8,3,Macropus_rufus,,Modern,Macropodinae,macropodin,NA,L,Modern,NA,0,7.71,11.87
FU_2003_9_5_9,3,Macropus_rufus,,Modern,Macropodinae,macropodin,NA,L,Modern,NA,0,9.06,14.04
FU_2003_9_12_11,3,Macropus_rufus,,Modern,Macropodinae,macropodin,NA,R,Modern,NA,0,7.35,12
AM_unreg2,2,Macropus_sp_indet,,Fossil,Macropodinae,macropodin,NA,R,Bone_Cave,Cave,1.7,6.39,9.31
NMV_P252176,3,Macropus_sp_indet,,Fossil,Macropodinae,macropodin,NA,L,Childers_Cove,Non_cave,2,9.49,10.91
NMV_P252171,2,Macropus_sp_indet,,Fossil,Macropodinae,macropodin,NA,L,Childers_Cove,Non_cave,2,7.75,9.77
NMV_P252108,3,Macropus_sp_indet,,Fossil,Macropodinae,macropodin,NA,R,Childers_Cove,Non_cave,2,5.91,7.55
NMV_P221994,3,Macropus_sp_indet,,Fossil,Macropodinae,macropodin,NA,L,Childers_Cove,Non_cave,2,9.35,13.64
QM_F3598,2,Macropus_sp_indet,,Fossil,Macropodinae,macropodin,NA,L,Chinchilla,Non_cave,3.1,6.44,8.87
WAM_05_4_78,2,Macropus_sp_indet,,Fossil,Macropodinae,macropodin,NA,R,Last_Tree_Cave,Cave,0.5,6.44,9.5
SAMA_P54692,2,Macropus_sp_indet,,Fossil,Macropodinae,macropodin,NA,L,Stirton_Quarry,Non_cave,3.6,8.85,10.75
AM_F18895,3,Macropus_sp_indet,,Fossil,Macropodinae,macropodin,NA,R,Wellington_Caves_unspecified,Cave,0.5,8.29,9.31
SAMA_FU_0809,3,Macropus_sp_indet,,Fossil,Macropodinae,macropodin,NA,R,Wellington_Caves_unspecified,Cave,0.5,7.09,8.07
AM_F59585,3,Macropus_woodsi_cf,,Fossil,Macropodinae,macropodin,NA,R,Bow,Non_cave,4,7.88,9.31
WAM_02_7_10,2,Metasthenurus_newtonae,,Fossil,Sthenurinae,non_macropodin,NA,R,Last_Tree_Cave,Cave,0.5,10.43,9.53
NMV_P54137,2,Milliyowi_bunganditj,,Fossil,Potoroinae,non_macropodin,NA,L,Grange_Burn,Non_cave,4.6,4.8,4.65
SAMA_P22357,3,Nambaroo_sp_indet,,Fossil,Balbarinae,non_macropodin,NA,L,Jeannes_Rooery,Non_cave,24.6,3.39,3.03
SAMA_P22357,2,Nambaroo_sp_indet,,Fossil,Balbarinae,non_macropodin,NA,L,Jeannes_Rooery,Non_cave,24.6,3.48,3.32
SAMA_P23593 ,2,Nambaroo_tarrinyeri,,Fossil,Balbarinae,non_macropodin,NA,R,Tom_Os_Quarry,Non_cave,24.1,3.1,3.09
SAMA_P36683,3,Ngamaroo_archeri,,Fossil,Macropodidae,non_macropodin,NA,L,Ngama_Quarry,Non_cave,24.1,3.76,2.63
SAMA_P36683,3,Ngamaroo_archeri,,Fossil,Macropodidae,non_macropodin,NA,R,Ngama_Quarry,Non_cave,24.1,3.84,2.96
SAMA_P27818,3,Ngamaroo_archeri,,Fossil,Macropodidae,non_macropodin,NA,L,Ngama_Quarry,Non_cave,24.1,3.86,3.17
WAM_M24217,3,Onychogalea_unguifera,,Modern,Macropodinae,macropodin,M,R,Modern,NA,0,5.14,6.15
FU_2003_9_3_11,3,Onychogalea_unguifera,,Modern,Macropodinae,macropodin,NA,R,Modern,NA,0,5.04,6.13
SAMA_M1729,3,Onychogalea_unguifera,,Modern,Macropodinae,macropodin,F,R,Modern,NA,0,4.86,5.93
FU_2003_9_5_18,3,Onychogalea_unguifera,,Modern,Macropodinae,macropodin,NA,L,Modern,NA,0,5.11,6.38
WAM_M19111,3,Onychogalea_unguifera,,Modern,Macropodinae,macropodin,NA,R,Modern,NA,0,4.4,5.78
SAMA_M6283,2,Onychogalea_unguifera,,Modern,Macropodinae,macropodin,M,R,Modern,NA,0,3.74,5
SAMA_M216,2,Onychogalea_unguifera,,Modern,Macropodinae,macropodin,NA,R,Modern,NA,0,4.29,5.81
AM_M27893,3,Petrogale_brachyotis,,Modern,Macropodinae,non_macropodin,M,R,Modern,NA,0,4.04,4.07
NMV_P222134,2,Petrogale_cf_sp_indet,,Fossil,Macropodinae,non_macropodin,NA,L,Childers_Cove,Non_cave,2,4.89,5.3
NMV_P230363,2,Petrogale_cf_sp_indet,,Fossil,Macropodinae,non_macropodin,NA,L,Childers_Cove,Non_cave,2,4.64,5.51
NMV_P158022,2,Petrogale_cf_sp_indet,,Fossil,Macropodinae,non_macropodin,NA,R,Grange_Burn,Non_cave,4.6,3,2.58
NMV_P158467,2,Petrogale_cf_sp_indet,,Fossil,Macropodinae,non_macropodin,NA,R,Grange_Burn,Non_cave,4.6,3.4,3.68
WAM_M4172,3,Peradorcas_concinna,Originally Petrogale_concinna,Modern,Macropodinae,non_macropodin,F,L,Modern,NA,0,3.15,3.85
ANWC_CM12655,3,Petrogale_godmani,,Modern,Macropodinae,non_macropodin,NA,R,Modern,NA,0,4.54,5.07
ANWC_CM15189,3,Petrogale_godmani,,Modern,Macropodinae,non_macropodin,NA,R,Modern,NA,0,4.79,5.52
ANWC_CM13240,3,Petrogale_godmani,,Modern,Macropodinae,non_macropodin,NA,R,Modern,NA,0,4.48,5.3
ANWC_CM12651,3,Petrogale_godmani,,Modern,Macropodinae,non_macropodin,M,R,Modern,NA,0,4.05,4.92
ANWC_M13483,3,Petrogale_inornata,,Modern,Macropodinae,non_macropodin,NA,R,Modern,NA,0,5.17,5.7
ANWC_CM15227,3,Petrogale_inornata,,Modern,Macropodinae,non_macropodin,F,R,Modern,NA,0,4.67,5.31
WAM_M49639,3,Petrogale_lateralis,,Modern,Macropodinae,non_macropodin,F,R,Modern,NA,0,3.93,3.93
WAM_M5176,3,Petrogale_lateralis,,Modern,Macropodinae,non_macropodin,NA,L,Modern,NA,0,4.28,5.08
SAMA_M5475c,3,Petrogale_lateralis,,Modern,Macropodinae,non_macropodin,NA,R,Modern,NA,0,4.32,5.6
WAM_M5226,3,Petrogale_lateralis,,Modern,Macropodinae,non_macropodin,NA,R,Modern,NA,0,4.06,5.47
AM_M36775,3,Petrogale_penicillata,,Modern,Macropodinae,non_macropodin,NA,R,Modern,NA,0,4.84,5.9
SAMA_M900,3,Petrogale_penicillata,,Modern,Macropodinae,non_macropodin,M,L,Modern,NA,0,4.29,5.27
SAMA_M548,2,Petrogale_penicillata,,Modern,Macropodinae,non_macropodin,NA,R,Modern,NA,0,4.06,5.03
AM_M41265,3,Petrogale_penicillata,,Modern,Macropodinae,non_macropodin,NA,R,Modern,NA,0,4.36,5.8
AM_M34732,2,Petrogale_penicillata,,Modern,Macropodinae,non_macropodin,NA,R,Modern,NA,0,4.42,5.9
SAMA_M2643,3,Petrogale_penicillata,,Modern,Macropodinae,non_macropodin,F,R,Modern,NA,0,4.92,6.71
QM_F9045,2,Petrogale_sp_indet,,Fossil,Macropodinae,non_macropodin,NA,L,Bluff_Downs,Non_cave,4,3.89,4.41
QM_F7795,3,Petrogale_sp_indet,,Fossil,Macropodinae,non_macropodin,NA,R,Bluff_Downs,Non_cave,4,4.41,5.24
QM_F9043,2,Petrogale_sp_indet,,Fossil,Macropodinae,non_macropodin,NA,L,Bluff_Downs,Non_cave,4,4.35,5.3
SAMA_P29902,3,Petrogale_sp_nov1,,Fossil,Macropodinae,non_macropodin,NA,L,Corra_Lynn_Cave,Cave,3.1,4.84,4.88
SAMA_P29924b,2,Petrogale_sp_nov1,,Fossil,Macropodinae,non_macropodin,NA,R,Corra_Lynn_Cave,Cave,3.1,4.47,4.76
SAMA_P29924g,3,Petrogale_sp_nov1,,Fossil,Macropodinae,non_macropodin,NA,L,Corra_Lynn_Cave,Cave,3.1,5.65,6.45
SAMA_P29924c,2,Petrogale_sp_nov1,,Fossil,Macropodinae,non_macropodin,NA,R,Corra_Lynn_Cave,Cave,3.1,4.03,4.98
SAMA_P29921,2,Petrogale_sp_nov2,,Fossil,Macropodinae,non_macropodin,NA,R,Corra_Lynn_Cave,Cave,3.1,5.39,5.74
SAMA_P29920,3,Petrogale_sp_nov2,,Fossil,Macropodinae,non_macropodin,NA,R,Corra_Lynn_Cave,Cave,3.1,5.36,5.87
SAMA_P29922,2,Petrogale_sp_nov2,,Fossil,Macropodinae,non_macropodin,NA,L,Corra_Lynn_Cave,Cave,3.1,5.19,5.75
SAMA_P29924h,3,Petrogale_sp_nov2,,Fossil,Macropodinae,non_macropodin,NA,L,Corra_Lynn_Cave,Cave,3.1,5.8,6.69
SAMA_P29924f,2,Petrogale_sp_nov2,,Fossil,Macropodinae,non_macropodin,NA,L,Corra_Lynn_Cave,Cave,3.1,5.31,6.13
SAMA_P29922,3,Petrogale_sp_nov2,,Fossil,Macropodinae,non_macropodin,NA,L,Corra_Lynn_Cave,Cave,3.1,5.14,6.43
SAMA_P_unregA,3,Petrogale_sp_nov2,,Fossil,Macropodinae,non_macropodin,NA,R,Corra_Lynn_Cave,Cave,3.1,5.49,7.31
WAM_07_6_455,3,Potorous_gilbertii,,Fossil,Potoroinae,non_macropodin,NA,R,Tight_Entrance_Cave_Unit_H,Cave,0.03,3.13,1.97
WAM_07_6_455,2,Potorous_gilbertii,,Fossil,Potoroinae,non_macropodin,NA,L,Tight_Entrance_Cave_Unit_H,Cave,0.03,3.31,2.74
WAM_07_6_159,3,Potorous_gilbertii,,Fossil,Potoroinae,non_macropodin,NA,R,Tight_Entrance_Cave_Unit_H,Cave,0.03,3.08,2.75
WAM_07_6_158,3,Potorous_gilbertii,,Fossil,Potoroinae,non_macropodin,NA,L,Tight_Entrance_Cave_Unit_H,Cave,0.03,3.03,2.91
WAM_07_6_190,3,Potorous_gilbertii,,Fossil,Potoroinae,non_macropodin,NA,R,Tight_Entrance_Cave_Unit_H,Cave,0.03,3.04,3.02
NTM_U7973,3,Potorous_tridactylus,,Modern,Potoroinae,non_macropodin,NA,R,Modern,NA,0,3.36,1.4
NTM_U7962,3,Potorous_tridactylus,,Modern,Potoroinae,non_macropodin,NA,R,Modern,NA,0,3.68,1.9
NTM_U7976,3,Potorous_tridactylus,,Modern,Potoroinae,non_macropodin,NA,R,Modern,NA,0,3.31,1.78
SAMA_M8658,3,Potorous_tridactylus,,Modern,Potoroinae,non_macropodin,NA,R,Modern,NA,0,3.38,2.56
SAMA_M8659,3,Potorous_tridactylus,,Modern,Potoroinae,non_macropodin,NA,L,Modern,NA,0,3.31,2.51
AM_M8373,3,Potorous_tridactylus,,Modern,Potoroinae,non_macropodin,F,R,Modern,NA,0,2.6,2.05
AM_M4598,2,Potorous_tridactylus,,Modern,Potoroinae,non_macropodin,F,L,Modern,NA,0,3.44,3.03
AM_M8371,3,Potorous_tridactylus,,Modern,Potoroinae,non_macropodin,F,R,Modern,NA,0,3.37,3
AM_M8367,3,Potorous_tridactylus,,Modern,Potoroinae,non_macropodin,F,R,Modern,NA,0,3.32,2.97
AM_M8349,3,Potorous_tridactylus,,Modern,Potoroinae,non_macropodin,M,R,Modern,NA,0,3.49,3.13
AM_M8373,2,Potorous_tridactylus,,Modern,Potoroinae,non_macropodin,F,R,Modern,NA,0,2.85,2.57
AM_M8363,2,Potorous_tridactylus,,Modern,Potoroinae,non_macropodin,F,R,Modern,NA,0,3.68,3.43
AM_M10949,2,Potorous_tridactylus,,Modern,Potoroinae,non_macropodin,NA,R,Modern,NA,0,3.55,3.44
AM_M19605,2,Potorous_tridactylus,,Modern,Potoroinae,non_macropodin,M,L,Modern,NA,0,3.62,3.59
AM_M8353,2,Potorous_tridactylus,,Modern,Potoroinae,non_macropodin,F,R,Modern,NA,0,3.52,3.73
UCMP_192748,2,Prionotemnus_palankarinnicus,,Fossil,Macropodinae,macropodin,NA,R,Lawson_Daily_Quarry,Non_cave,3.9,7.52,8.89
UCMP_45404,3,Prionotemnus_palankarinnicus,,Fossil,Macropodinae,macropodin,NA,R,Mampuwordu_Sand_unspecified,Non_cave,3.9,8.04,6.75
UCMP_45359,3,Prionotemnus_palankarinnicus,,Fossil,Macropodinae,macropodin,NA,R,Mampuwordu_Sand_unspecified,Non_cave,3.9,9.47,8.04
UCMP_44496,2,Prionotemnus_palankarinnicus,,Fossil,Macropodinae,macropodin,NA,R,Mampuwordu_Sand_unspecified,Non_cave,3.9,7.92,6.73
UCMP_45379,3,Prionotemnus_palankarinnicus,,Fossil,Macropodinae,macropodin,NA,L,Mampuwordu_Sand_unspecified,Non_cave,3.9,9.47,8.29
UCMP_44497,3,Prionotemnus_palankarinnicus,,Fossil,Macropodinae,macropodin,NA,R,Mampuwordu_Sand_unspecified,Non_cave,3.9,8.72,7.82
UCMP_45405,3,Prionotemnus_palankarinnicus,,Fossil,Macropodinae,macropodin,NA,L,Mampuwordu_Sand_unspecified,Non_cave,3.9,8.77,8.07
UCMP_44389,2,Prionotemnus_palankarinnicus,,Fossil,Macropodinae,macropodin,NA,L,Mampuwordu_Sand_unspecified,Non_cave,3.9,7.89,7.27
UCMP_unreg_RAS 5383,2,Prionotemnus_palankarinnicus,,Fossil,Macropodinae,macropodin,NA,L,Mampuwordu_Sand_unspecified,Non_cave,3.9,8.4,7.74
UCMP_47377,2,Prionotemnus_palankarinnicus,,Fossil,Macropodinae,macropodin,NA,R,Mampuwordu_Sand_unspecified,Non_cave,3.9,7.77,7.2
UCMP_45378,3,Prionotemnus_palankarinnicus,,Fossil,Macropodinae,macropodin,NA,L,Mampuwordu_Sand_unspecified,Non_cave,3.9,8.92,8.6
UCMP_44474,2,Prionotemnus_palankarinnicus,,Fossil,Macropodinae,macropodin,NA,L,Mampuwordu_Sand_unspecified,Non_cave,3.9,8.3,8.12
UCMP_45362,3,Prionotemnus_palankarinnicus,,Fossil,Macropodinae,macropodin,NA,L,Mampuwordu_Sand_unspecified,Non_cave,3.9,8.45,8.42
UCMP_44504,3,Prionotemnus_palankarinnicus,,Fossil,Macropodinae,macropodin,NA,R,Mampuwordu_Sand_unspecified,Non_cave,3.9,8.9,8.88
UCMP_44507,2,Prionotemnus_palankarinnicus,,Fossil,Macropodinae,macropodin,NA,L,Mampuwordu_Sand_unspecified,Non_cave,3.9,7.69,7.69
UCMP_44500,3,Prionotemnus_palankarinnicus,,Fossil,Macropodinae,macropodin,NA,NA,Mampuwordu_Sand_unspecified,Non_cave,3.9,8.9,8.99
UCMP_44478,2,Prionotemnus_palankarinnicus,,Fossil,Macropodinae,macropodin,NA,R,Mampuwordu_Sand_unspecified,Non_cave,3.9,7.42,7.55
UCMP_44495,3,Prionotemnus_palankarinnicus,,Fossil,Macropodinae,macropodin,NA,R,Mampuwordu_Sand_unspecified,Non_cave,3.9,8.06,8.23
UCMP_44508,3,Prionotemnus_palankarinnicus,,Fossil,Macropodinae,macropodin,NA,R,Mampuwordu_Sand_unspecified,Non_cave,3.9,7.73,7.97
UCMP_44502,3,Prionotemnus_palankarinnicus,,Fossil,Macropodinae,macropodin,NA,L,Mampuwordu_Sand_unspecified,Non_cave,3.9,8.8,9.08
UCMP_45397,3,Prionotemnus_palankarinnicus,,Fossil,Macropodinae,macropodin,NA,R,Mampuwordu_Sand_unspecified,Non_cave,3.9,8.42,8.74
UCMP_44503,2,Prionotemnus_palankarinnicus,,Fossil,Macropodinae,macropodin,NA,R,Mampuwordu_Sand_unspecified,Non_cave,3.9,7.46,7.9
UCMP_57234A,2,Prionotemnus_palankarinnicus,,Fossil,Macropodinae,macropodin,NA,R,Mampuwordu_Sand_unspecified,Non_cave,3.9,7.53,7.98
UCMP_45386,3,Prionotemnus_palankarinnicus,,Fossil,Macropodinae,macropodin,NA,L,Mampuwordu_Sand_unspecified,Non_cave,3.9,8.82,9.55
UCMP_45375,2,Prionotemnus_palankarinnicus,,Fossil,Macropodinae,macropodin,NA,L,Mampuwordu_Sand_unspecified,Non_cave,3.9,7.65,8.41
UCMP_44543,3,Prionotemnus_palankarinnicus,,Fossil,Macropodinae,macropodin,NA,L,Mampuwordu_Sand_unspecified,Non_cave,3.9,8.52,9.41
UCMP_44468,3,Prionotemnus_palankarinnicus,,Fossil,Macropodinae,macropodin,NA,L,Mampuwordu_Sand_unspecified,Non_cave,3.9,7.49,8.39
UCMP_57167,2,Prionotemnus_palankarinnicus,,Fossil,Macropodinae,macropodin,NA,R,Mampuwordu_Sand_unspecified,Non_cave,3.9,7.56,8.53
SAMA_P_unreg,3,Prionotemnus_palankarinnicus,,Fossil,Macropodinae,macropodin,NA,R,Mampuwordu_Sand_unspecified,Non_cave,3.9,7.46,8.71
UCMP_45386,2,Prionotemnus_palankarinnicus,,Fossil,Macropodinae,macropodin,NA,L,Mampuwordu_Sand_unspecified,Non_cave,3.9,7.54,9.44
UCMP_45375,3,Prionotemnus_palankarinnicus,,Fossil,Macropodinae,macropodin,NA,L,Mampuwordu_Sand_unspecified,Non_cave,3.9,7.72,9.68
UCMP_44538,3,Prionotemnus_palankarinnicus,,Fossil,Macropodinae,macropodin,NA,R,Woodard_Quarry,Non_cave,3.9,8.7,9.06
UCMP_192749,2,Prionotemnus_palankarinnicus,,Fossil,Macropodinae,macropodin,NA,R,Woodard_Quarry,Non_cave,3.9,7.64,8.06
UCMP_192750,3,Prionotemnus_palankarinnicus,,Fossil,Macropodinae,macropodin,NA,R,Woodard_Quarry,Non_cave,3.9,8.51,9.03
SAMA_P50403i,3,Prionotemnus_palankarinnicus_cf,,Fossil,Macropodinae,macropodin,NA,L,Stirton_Quarry,Non_cave,3.6,8.9,9.01
UCMP_44538,3,Prionotemnus_palankarinnicus_cf,,Fossil,Macropodinae,macropodin,NA,L,Woodard_Quarry,Non_cave,3.9,8.34,9.19
WAM_97_5_62,2,Procoptodon_browneorum,,Fossil,Sthenurinae,non_macropodin,NA,R,Tight_Entrance_Cave_Unit_B,Cave,0.1,10.72,7.63
WAM_97_5_41,3,Procoptodon_browneorum,,Fossil,Sthenurinae,non_macropodin,NA,R,Tight_Entrance_Cave_Unit_B,Cave,0.1,10.74,8.17
WAM_97_5_42,3,Procoptodon_browneorum,,Fossil,Sthenurinae,non_macropodin,NA,R,Tight_Entrance_Cave_Unit_B,Cave,0.1,10.03,7.72
WAM_97_5_42,2,Procoptodon_browneorum,,Fossil,Sthenurinae,non_macropodin,NA,R,Tight_Entrance_Cave_Unit_B,Cave,0.1,9.93,7.75
WAM_97_5_82a,2,Procoptodon_browneorum,,Fossil,Sthenurinae,non_macropodin,NA,R,Tight_Entrance_Cave_Unit_B,Cave,0.1,10.03,9.4
WAM_08_1_904,3,Procoptodon_browneorum,,Fossil,Sthenurinae,non_macropodin,NA,R,Tight_Entrance_Cave_Unit_D,Cave,0.1,11.07,8.5
WAM_08_1_867,2,Procoptodon_browneorum,,Fossil,Sthenurinae,non_macropodin,NA,L,Tight_Entrance_Cave_Unit_D,Cave,0.1,9.6,7.59
WAM_97_5_249,2,Procoptodon_browneorum,,Fossil,Sthenurinae,non_macropodin,NA,L,Tight_Entrance_Cave_Unit_D,Cave,0.1,10.71,8.47
WAM_08_1_867,3,Procoptodon_browneorum,,Fossil,Sthenurinae,non_macropodin,NA,L,Tight_Entrance_Cave_Unit_D,Cave,0.1,10.47,8.33
WAM_08_1_865,3,Procoptodon_browneorum,,Fossil,Sthenurinae,non_macropodin,NA,L,Tight_Entrance_Cave_Unit_D,Cave,0.1,10.02,8.06
WAM_08_8_100,3,Procoptodon_browneorum,,Fossil,Sthenurinae,non_macropodin,NA,L,Tight_Entrance_Cave_Unit_D,Cave,0.1,10.98,8.95
WAM_08_8_100,2,Procoptodon_browneorum,,Fossil,Sthenurinae,non_macropodin,NA,L,Tight_Entrance_Cave_Unit_D,Cave,0.1,10.59,8.76
WAM_08_1_904,2,Procoptodon_browneorum,,Fossil,Sthenurinae,non_macropodin,NA,R,Tight_Entrance_Cave_Unit_D,Cave,0.1,10.35,8.62
WAM_08_1_879,2,Procoptodon_browneorum,,Fossil,Sthenurinae,non_macropodin,NA,R,Tight_Entrance_Cave_Unit_D,Cave,0.1,10.41,8.75
WAM_08_1_584,3,Procoptodon_browneorum,,Fossil,Sthenurinae,non_macropodin,NA,R,Tight_Entrance_Cave_Unit_D,Cave,0.1,9.87,8.37
WAM_97_5_259,2,Procoptodon_browneorum,,Fossil,Sthenurinae,non_macropodin,NA,R,Tight_Entrance_Cave_Unit_D,Cave,0.1,10.27,8.81
WAM_97_5_258,2,Procoptodon_browneorum,,Fossil,Sthenurinae,non_macropodin,NA,R,Tight_Entrance_Cave_Unit_D,Cave,0.1,10.45,9.21
WAM_08_1_873,2,Procoptodon_browneorum,,Fossil,Sthenurinae,non_macropodin,NA,R,Tight_Entrance_Cave_Unit_D,Cave,0.1,10.19,9.17
WAM_08_1_868,3,Procoptodon_browneorum,,Fossil,Sthenurinae,non_macropodin,NA,L,Tight_Entrance_Cave_Unit_D,Cave,0.1,10.56,9.53
WAM_08_8_738,2,Procoptodon_browneorum,,Fossil,Sthenurinae,non_macropodin,NA,R,Tight_Entrance_Cave_Unit_D,Cave,0.1,9.49,8.59
SAMA_P27068,2,Procoptodon_goliah,,Fossil,Sthenurinae,non_macropodin,NA,L,Victoria_Fossil_Cave,Cave,0.4,17.27,15.22
SAMA_P47109,2,Procoptodon_goliah,,Fossil,Sthenurinae,non_macropodin,NA,L,Victoria_Fossil_Cave,Cave,0.4,16.34,14.84
NHMD_55708,3,Protemnodon_buloloensis,,Fossil,Macropodinae,macropodin,NA,L,Awe,Non_cave,2.9,7.32,6.49
UCMP_56933,3,Protemnodon_cf_sp_indet,,Fossil,Macropodinae,macropodin,NA,L,Stirton_Quarry,Non_cave,3.6,8.34,9.02
AM_F69859,3,Protemnodon_devisi_cf,,Fossil,Macropodinae,macropodin,NA,L,Big_Sink,Cave,4,10.72,9.22
AM_F69865,3,Protemnodon_devisi_cf,,Fossil,Macropodinae,macropodin,NA,L,Big_Sink,Cave,4,11.77,10.32
AM_F69861,3,Protemnodon_devisi_cf,,Fossil,Macropodinae,macropodin,NA,L,Big_Sink,Cave,4,11.95,11.34
QM_F9068,3,Protemnodon_snewini,,Fossil,Macropodinae,macropodin,NA,R,Bluff_Downs,Non_cave,4,8.74,9.5
QM_F9077,2,Protemnodon_sp_indet,,Fossil,Macropodinae,macropodin,NA,R,Bluff_Downs,Non_cave,4,8.86,10.76
QM_F44994,3,Protemnodon_sp_indet,,Fossil,Macropodinae,macropodin,NA,R,Chinchilla,Non_cave,3.1,10.49,10.06
NMV_P215985,3,Protemnodon_sp_indet,,Fossil,Macropodinae,macropodin,NA,L,Nelson_Bay,Non_cave,0.8,12.22,12.18
AM_M8177,3,Setonix_brachyurus,,Modern,Macropodinae,macropodin,F,R,Modern,NA,0,3.99,3.4
AM_M3086,3,Setonix_brachyurus,,Modern,Macropodinae,macropodin,F,R,Modern,NA,0,4.22,3.68
AM_M18214,2,Setonix_brachyurus,,Modern,Macropodinae,macropodin,NA,R,Modern,NA,0,3.77,3.51
AM_M18626,3,Setonix_brachyurus,,Modern,Macropodinae,macropodin,NA,R,Modern,NA,0,3.87,3.83
SAMA_M54,3,Setonix_brachyurus,,Modern,Macropodinae,macropodin,F,R,Modern,NA,0,3.98,3.94
WAM_M3222,3,Setonix_brachyurus,,Modern,Macropodinae,macropodin,M,R,Modern,NA,0,4.18,4.15
AM_No1065,3,Setonix_brachyurus,,Modern,Macropodinae,macropodin,NA,R,Modern,NA,0,4.09,4.1
WAM_M19866,2,Setonix_brachyurus,,Modern,Macropodinae,macropodin,F,R,Modern,NA,0,3.75,3.77
AM_M40002,3,Setonix_brachyurus,,Modern,Macropodinae,macropodin,F,R,Modern,NA,0,3.86,3.89
SAMA_M5868,3,Setonix_brachyurus,,Modern,Macropodinae,macropodin,M,R,Modern,NA,0,3.91,3.99
SAMA_M55,3,Setonix_brachyurus,,Modern,Macropodinae,macropodin,M,R,Modern,NA,0,3.75,3.87
WAM_M19012,2,Setonix_brachyurus,,Modern,Macropodinae,macropodin,NA,L,Modern,NA,0,3.68,3.86
WAM_M518,3,Setonix_brachyurus,,Modern,Macropodinae,macropodin,M,R,Modern,NA,0,4.09,4.38
WAM_M17033,2,Setonix_brachyurus,,Modern,Macropodinae,macropodin,F,R,Modern,NA,0,3.56,3.88
WAM_M1232,3,Setonix_brachyurus,,Modern,Macropodinae,macropodin,NA,R,Modern,NA,0,3.49,3.89
WAM_M1716,2,Setonix_brachyurus,,Modern,Macropodinae,macropodin,NA,R,Modern,NA,0,3.25,3.71
WAM_M1765,2,Setonix_brachyurus,,Modern,Macropodinae,macropodin,NA,R,Modern,NA,0,3.47,4.07
NMV_P221836,2,Simosthenurus_maddocki,,Fossil,Sthenurinae,non_macropodin,NA,L,Childers_Cove,Non_cave,2,9.07,6.83
NMV_P218423,2,Simosthenurus_maddocki,,Fossil,Sthenurinae,non_macropodin,NA,L,Childers_Cove,Non_cave,2,9.51,7.69
NMV_P221829,2,Simosthenurus_maddocki,,Fossil,Sthenurinae,non_macropodin,NA,R,Childers_Cove,Non_cave,2,9.94,8.16
NMV_P218423,3,Simosthenurus_maddocki,,Fossil,Sthenurinae,non_macropodin,NA,L,Childers_Cove,Non_cave,2,9.97,8.46
WAM_97_5_75,3,Simosthenurus_occidentalis,,Fossil,Sthenurinae,non_macropodin,NA,R,Tight_Entrance_Cave_Unit_B,Cave,0.1,10.87,6.28
WAM_97_5_77,3,Simosthenurus_occidentalis,,Fossil,Sthenurinae,non_macropodin,NA,L,Tight_Entrance_Cave_Unit_B,Cave,0.1,11.29,7.17
WAM_97_5_75,2,Simosthenurus_occidentalis,,Fossil,Sthenurinae,non_macropodin,NA,R,Tight_Entrance_Cave_Unit_B,Cave,0.1,10.52,7.44
WAM_07_6_298,3,Simosthenurus_occidentalis,,Fossil,Sthenurinae,non_macropodin,NA,L,Tight_Entrance_Cave_Unit_B,Cave,0.1,10.26,8.19
WAM_08_8_875,2,Simosthenurus_occidentalis,,Fossil,Sthenurinae,non_macropodin,NA,R,Tight_Entrance_Cave_Unit_D,Cave,0.1,11,7.85
WAM_08_1_187,3,Simosthenurus_occidentalis,,Fossil,Sthenurinae,non_macropodin,NA,R,Tight_Entrance_Cave_Unit_D,Cave,0.1,10.64,7.84
WAM_08_1_187,2,Simosthenurus_occidentalis,,Fossil,Sthenurinae,non_macropodin,NA,R,Tight_Entrance_Cave_Unit_D,Cave,0.1,10.55,9.17
SAMA_P28673,3,Simosthenurus_occidentalis,,Fossil,Sthenurinae,non_macropodin,NA,R,Victoria_Fossil_Cave,Cave,0.4,13.04,9.63
SAMA_P25922,3,Simosthenurus_occidentalis,,Fossil,Sthenurinae,non_macropodin,NA,R,Victoria_Fossil_Cave,Cave,0.4,12.66,9.56
SAMA_P20796,3,Simosthenurus_occidentalis,,Fossil,Sthenurinae,non_macropodin,NA,R,Victoria_Fossil_Cave,Cave,0.4,12.25,9.43
SAMA_P16535,3,Simosthenurus_occidentalis,,Fossil,Sthenurinae,non_macropodin,NA,R,Victoria_Fossil_Cave,Cave,0.4,11.94,9.29
SAMA_P47115A,3,Simosthenurus_occidentalis,,Fossil,Sthenurinae,non_macropodin,NA,L,Victoria_Fossil_Cave,Cave,0.4,12.42,9.74
SAMA_P28992,2,Simosthenurus_occidentalis,,Fossil,Sthenurinae,non_macropodin,NA,R,Victoria_Fossil_Cave,Cave,0.4,12.24,9.99
SAMA_P47114,3,Simosthenurus_occidentalis,,Fossil,Sthenurinae,non_macropodin,NA,L,Victoria_Fossil_Cave,Cave,0.4,12.29,10.34
SAMA_P47115B,2,Simosthenurus_occidentalis,,Fossil,Sthenurinae,non_macropodin,NA,L,Victoria_Fossil_Cave,Cave,0.4,11.72,9.93
SAMA_P28663,2,Simosthenurus_occidentalis,,Fossil,Sthenurinae,non_macropodin,NA,L,Victoria_Fossil_Cave,Cave,0.4,12.02,10.23
SAMA_P28513,2,Simosthenurus_occidentalis,,Fossil,Sthenurinae,non_macropodin,NA,R,Victoria_Fossil_Cave,Cave,0.4,11.63,9.91
SAMA_P20796,2,Simosthenurus_occidentalis,,Fossil,Sthenurinae,non_macropodin,NA,R,Victoria_Fossil_Cave,Cave,0.4,11.75,10.07
SAMA_P16664,2,Simosthenurus_occidentalis,,Fossil,Sthenurinae,non_macropodin,NA,L,Victoria_Fossil_Cave,Cave,0.4,12.83,11.29
QM_F55102,3,Sthenurinae_gen_et_sp_indet,,Fossil,Sthenurinae,non_macropodin,NA,R,Encore,Non_cave,12,5.89,4.74
QM_F52797,2,Sthenurinae_gen_et_sp_indet,,Fossil,Sthenurinae,non_macropodin,NA,L,Keiths_Chocky_Block,Non_cave,14.5,5.26,4.31
QM_F56967,3,Sthenurinae_gen_et_sp_indet,,Fossil,Sthenurinae,non_macropodin,NA,R,Keiths_Chocky_Block,Non_cave,14.5,7.91,6.57
QM_F52797,3,Sthenurinae_gen_et_sp_indet,,Fossil,Sthenurinae,non_macropodin,NA,L,Keiths_Chocky_Block,Non_cave,14.5,5.56,4.75
QM_F813,3,Sthenurus_andersoni,,Fossil,Sthenurinae,non_macropodin,NA,R,Chinchilla,Non_cave,3.1,7.74,7.92
UCMP_46893,3,Sthenurus_andersoni,,Fossil,Sthenurinae,non_macropodin,NA,L,Coopers_Last,Non_cave,0.4,10.64,8.24
WAM_03_5_19,3,Sthenurus_andersoni,,Fossil,Sthenurinae,non_macropodin,NA,R,Last_Tree_Cave,Cave,0.5,8.74,7.26
WAM_03_5_5,3,Sthenurus_andersoni,,Fossil,Sthenurinae,non_macropodin,NA,R,Last_Tree_Cave,Cave,0.5,8.59,7.74
WAM_03_5_5,2,Sthenurus_andersoni,,Fossil,Sthenurinae,non_macropodin,NA,R,Last_Tree_Cave,Cave,0.5,8.26,9.06
AM_F106049,3,Sthenurus_atlas,,Fossil,Sthenurinae,non_macropodin,NA,L,Bone_Cave,Cave,1.7,11.65,11
AM_F106049,2,Sthenurus_atlas,,Fossil,Sthenurinae,non_macropodin,NA,L,Bone_Cave,Cave,1.7,10.77,10.86
QM_F5769,3,Sthenurus_atlas,,Fossil,Sthenurinae,non_macropodin,NA,R,Freestone_Creek,Non_cave,0.1,9.48,9.89
QM_L781,2,Sthenurus_atlas,,Fossil,Sthenurinae,non_macropodin,NA,L,Lookout,Non_cave,0.1,10.51,12.04
AM_F29573,2,Sthenurus_atlas,,Fossil,Sthenurinae,non_macropodin,NA,L,Wellington_Caves_unspecified,Cave,0.5,10.59,12.15
AM_MF61,2,Sthenurus_atlas,,Fossil,Sthenurinae,non_macropodin,NA,L,Wellington_Caves_unspecified,Cave,0.5,10.02,11.51
AM_F29583,2,Sthenurus_atlas,,Fossil,Sthenurinae,non_macropodin,NA,L,Wellington_Caves_unspecified,Cave,0.5,10.01,11.58
AM_MF61,3,Sthenurus_atlas,,Fossil,Sthenurinae,non_macropodin,NA,L,Wellington_Caves_unspecified,Cave,0.5,9.94,11.5
AM_F29583,3,Sthenurus_atlas,,Fossil,Sthenurinae,non_macropodin,NA,L,Wellington_Caves_unspecified,Cave,0.5,9.4,11.4
AM_F47052,3,Sthenurus_atlas_cf,,Fossil,Sthenurinae,non_macropodin,NA,R,Wellington_Caves_unspecified,Cave,0.5,12.11,10.62
QM_L781,3,Sthenurus_tindalei,,Fossil,Sthenurinae,non_macropodin,NA,R,Lookout,Non_cave,0.1,14.13,15.93
SAMA_M2868,3,Thylogale_billardierii,,Modern,Macropodinae,non_macropodin,M,R,Modern,NA,0,4,3.74
FU_2004_7_7_1,3,Thylogale_billardierii,,Modern,Macropodinae,non_macropodin,NA,R,Modern,NA,0,4.52,4.58
AM_M4031,2,Thylogale_billardierii,,Modern,Macropodinae,non_macropodin,F,R,Modern,NA,0,3.78,4.02
FU_2004_7_8_5,3,Thylogale_billardierii,,Modern,Macropodinae,non_macropodin,NA,R,Modern,NA,0,4.53,4.97
AM_P1044,3,Thylogale_billardierii,,Modern,Macropodinae,non_macropodin,NA,R,Modern,NA,0,4.29,4.73
AM_P1046,3,Thylogale_billardierii,,Modern,Macropodinae,non_macropodin,NA,R,Modern,NA,0,4.28,4.72
AM_M4336,2,Thylogale_billardierii,,Modern,Macropodinae,non_macropodin,M,R,Modern,NA,0,3.9,4.39
AM_M4448,3,Thylogale_billardierii,,Modern,Macropodinae,non_macropodin,F,R,Modern,NA,0,4.52,5.12
FU_2004_7_8_6,3,Thylogale_billardierii,,Modern,Macropodinae,non_macropodin,NA,L,Modern,NA,0,4.11,4.76
FU_2004_7_12_12,2,Thylogale_billardierii,,Modern,Macropodinae,non_macropodin,NA,R,Modern,NA,0,4.13,4.91
FU_2004_7_12_2,3,Thylogale_billardierii,,Modern,Macropodinae,non_macropodin,NA,L,Modern,NA,0,4.52,5.5
FU_2004_7_12_6a,3,Thylogale_billardierii,,Modern,Macropodinae,non_macropodin,NA,L,Modern,NA,0,4.47,5.44
SAMA_M2870,2,Thylogale_billardierii,,Modern,Macropodinae,non_macropodin,F,R,Modern,NA,0,3.64,4.54
NMV_P252542,3,Thylogale_billardierii_cf,,Fossil,Macropodinae,non_macropodin,NA,L,Nelson_Bay,Non_cave,0.8,4.1,4.86
NMV_P252534,2,Thylogale_billardierii_cf,,Fossil,Macropodinae,non_macropodin,NA,R,Nelson_Bay,Non_cave,0.8,3.74,5.5
NMV_P26420,2,Thylogale_ignis,,Fossil,Macropodinae,non_macropodin,NA,R,Grange_Burn,Non_cave,4.6,4.01,4.48
NMV_P160220,2,Thylogale_ignis_cf,,Fossil,Macropodinae,non_macropodin,NA,R,Grange_Burn,Non_cave,4.6,4.09,4.36
NMV_P232743,3,Thylogale_sp_indet,,Fossil,Macropodinae,non_macropodin,NA,L,Childers_Cove,Non_cave,2,4.46,4.38
NMV_P222377,3,Thylogale_sp_indet,,Fossil,Macropodinae,non_macropodin,NA,R,Childers_Cove,Non_cave,2,4.33,4.26
NMV_P222390,3,Thylogale_sp_indet,,Fossil,Macropodinae,non_macropodin,NA,R,Childers_Cove,Non_cave,2,4.47,4.55
NMV_P252142,2,Thylogale_sp_indet,,Fossil,Macropodinae,non_macropodin,NA,R,Childers_Cove,Non_cave,2,4.12,4.77
AM_S2166,3,Thylogale_stigmatica,,Modern,Macropodinae,non_macropodin,NA,R,Modern,NA,0,5.18,5.11
SAMA_M362,2,Thylogale_stigmatica,,Modern,Macropodinae,non_macropodin,M,R,Modern,NA,0,4.15,4.56
AM_M38878,3,Thylogale_stigmatica,,Modern,Macropodinae,non_macropodin,F,R,Modern,NA,0,4.29,4.89
SAMA_M360,2,Thylogale_stigmatica,,Modern,Macropodinae,non_macropodin,M,R,Modern,NA,0,4.11,4.73
AM_M5641,3,Thylogale_stigmatica,,Modern,Macropodinae,non_macropodin,F,R,Modern,NA,0,4.27,4.95
AM_M5643,2,Thylogale_stigmatica,,Modern,Macropodinae,non_macropodin,F,R,Modern,NA,0,3.94,4.57
AM_M6275,3,Thylogale_stigmatica,,Modern,Macropodinae,non_macropodin,M,R,Modern,NA,0,4.62,5.36
AM_S1997,3,Thylogale_stigmatica,,Modern,Macropodinae,non_macropodin,NA,R,Modern,NA,0,4.73,5.51
AM_M7507,3,Thylogale_stigmatica,,Modern,Macropodinae,non_macropodin,NA,R,Modern,NA,0,5.08,6.33
AM_M38916,2,Thylogale_stigmatica,,Modern,Macropodinae,non_macropodin,F,R,Modern,NA,0,3.91,4.92
AM_M7348,3,Thylogale_stigmatica,,Modern,Macropodinae,non_macropodin,M,L,Modern,NA,0,4.62,5.94
QM_JM16165,2,Thylogale_stigmatica,,Modern,Macropodinae,non_macropodin,NA,R,Modern,NA,0,4.09,5.99
AM_A9725,3,Thylogale_thetis,,Modern,Macropodinae,non_macropodin,M,L,Modern,NA,0,5.06,5.02
AM_P1025,3,Thylogale_thetis,,Modern,Macropodinae,non_macropodin,NA,R,Modern,NA,0,4.46,4.63
AM_M7248,3,Thylogale_thetis,,Modern,Macropodinae,non_macropodin,F,R,Modern,NA,0,5.16,5.43
QM_J16893,3,Thylogale_thetis,,Modern,Macropodinae,non_macropodin,F,R,Modern,NA,0,4.82,5.41
AM_M799,3,Thylogale_thetis,,Modern,Macropodinae,non_macropodin,F,R,Modern,NA,0,4.86,5.55
SAMA_M9014,3,Thylogale_thetis,,Modern,Macropodinae,non_macropodin,F,R,Modern,NA,0,4.55,5.26
AM_A9726,2,Thylogale_thetis,,Modern,Macropodinae,non_macropodin,M,R,Modern,NA,0,4.6,5.33
AM_M34257,2,Thylogale_thetis,,Modern,Macropodinae,non_macropodin,M,R,Modern,NA,0,3.93,4.65
AM_M7349,2,Thylogale_thetis,,Modern,Macropodinae,non_macropodin,NA,R,Modern,NA,0,4.13,5.22
AM_P1030,2,Thylogale_thetis,,Modern,Macropodinae,non_macropodin,NA,L,Modern,NA,0,3.88,4.93
AM_M6198,3,Thylogale_thetis,,Modern,Macropodinae,non_macropodin,F,R,Modern,NA,0,4.61,5.89
AM_M7249,2,Thylogale_thetis,,Modern,Macropodinae,non_macropodin,F,R,Modern,NA,0,4.42,5.86
AM_F60109,3,Troposodon_bowensis,,Fossil,Lagostrophinae,non_macropodin,NA,R,Bow,Non_cave,4,7.19,5.72
AM_F63942,3,Troposodon_bowensis,,Fossil,Lagostrophinae,non_macropodin,NA,R,Bow,Non_cave,4,7.62,6.76
AM_F63939,3,Troposodon_bowensis,,Fossil,Lagostrophinae,non_macropodin,NA,L,Bow,Non_cave,4,7.38,7.08
AM_F60109,2,Troposodon_bowensis,,Fossil,Lagostrophinae,non_macropodin,NA,R,Bow,Non_cave,4,6.74,6.77
AM_F63941,3,Troposodon_bowensis,,Fossil,Lagostrophinae,non_macropodin,NA,L,Bow,Non_cave,4,7.8,8.05
AM_F63951,2,Troposodon_bowensis,,Fossil,Lagostrophinae,non_macropodin,NA,L,Bow,Non_cave,4,6.97,7.48
AM_F59584,2,Troposodon_bowensis,,Fossil,Lagostrophinae,non_macropodin,NA,R,Bow,Non_cave,4,7.09,7.62
AM_F60111,2,Troposodon_bowensis,,Fossil,Lagostrophinae,non_macropodin,NA,R,Bow,Non_cave,4,6.72,7.23
AM_F40111,2,Troposodon_bowensis,,Fossil,Lagostrophinae,non_macropodin,NA,R,Bow,Non_cave,4,6.39,7.01
AM_F59581,3,Troposodon_bowensis,,Fossil,Lagostrophinae,non_macropodin,NA,R,Bow,Non_cave,4,7.98,9.08
UCMP_156886,2,Troposodon_cf_bowensis,,Fossil,Lagostrophinae,non_macropodin,NA,L,Stirton_Quarry,Non_cave,3.6,8.04,5.88
SAMA_P50403iv,3,Troposodon_cf_sp_indet,,Fossil,Lagostrophinae,non_macropodin,NA,L,Stirton_Quarry,Non_cave,3.6,9,7.12
SAMA_P50403iii,2,Troposodon_cf_sp_indet,,Fossil,Lagostrophinae,non_macropodin,NA,L,Stirton_Quarry,Non_cave,3.6,8,7.18
UCMP_45149,3,Troposodon_minor,,Fossil,Lagostrophinae,non_macropodin,NA,R,Bone_Cave,Cave,1.7,9.71,8.77
UCMP_45192,2,Troposodon_minor,,Fossil,Lagostrophinae,non_macropodin,NA,R,Bone_Cave,Cave,1.7,7.47,6.75
UCMP_45192,3,Troposodon_minor,,Fossil,Lagostrophinae,non_macropodin,NA,R,Bone_Cave,Cave,1.7,8.55,8.66
QM_F44970,3,Troposodon_minor,,Fossil,Lagostrophinae,non_macropodin,NA,R,Chinchilla,Non_cave,3.1,9.37,7.64
QM_F4375,3,Troposodon_minor,,Fossil,Lagostrophinae,non_macropodin,NA,L,Chinchilla,Non_cave,3.1,8.71,7.5
QM_F44970,2,Troposodon_minor,,Fossil,Lagostrophinae,non_macropodin,NA,R,Chinchilla,Non_cave,3.1,9.31,8.22
QM_F4448,3,Troposodon_minor,,Fossil,Lagostrophinae,non_macropodin,NA,R,Gowrie,Non_cave,0.1,10.31,9.28
QM_F4418,2,Troposodon_minor,,Fossil,Lagostrophinae,non_macropodin,NA,R,Gowrie,Non_cave,0.1,8.12,8.18
AM_F31027,2,Troposodon_minor_cf,,Fossil,Lagostrophinae,non_macropodin,NA,R,Wellington_Caves_unspecified,Cave,0.5,10.88,8.41
AM_F31027,3,Troposodon_minor_cf,,Fossil,Lagostrophinae,non_macropodin,NA,R,Wellington_Caves_unspecified,Cave,0.5,12.16,9.8
SAMA_P29997,3,Troposodon_sp_indet,,Fossil,Lagostrophinae,non_macropodin,NA,R,Corra_Lynn_Cave,Cave,3.1,7.32,6.62
SAMA_P50416,3,Troposodon_sp_indet,,Fossil,Lagostrophinae,non_macropodin,NA,R,Stirton_Quarry,Non_cave,3.6,8.82,7.96
FU_2745,2,Wakiewakie_sp_nov,,Fossil,Macropodidae,non_macropodin,NA,L,Kangaroo_Well,Non_cave,24,3.21,2.58
SAMA_M16469,3,Wallabia_bicolor,,Modern,Macropodinae,macropodin,NA,R,Modern,NA,0,6.39,6.33
FU_2003_9_2_9,3,Wallabia_bicolor,,Modern,Macropodinae,macropodin,NA,R,Modern,NA,0,6.39,7.06
SAMA_M2642,3,Wallabia_bicolor,,Modern,Macropodinae,macropodin,NA,R,Modern,NA,0,6.13,7.05
SAMA_M2599,3,Wallabia_bicolor,,Modern,Macropodinae,macropodin,F,R,Modern,NA,0,6.24,7.75
AM_F60632,2,Wallabia_sp_indet,,Fossil,Macropodinae,macropodin,NA,R,Wellington_Caves_unspecified,Cave,0.5,6.05,7.5
QM_F55116,3,Wanburoo_cf_sp_indet,,Fossil,Sthenurinae,non_macropodin,NA,L,Encore,Non_cave,12,7.42,6.06
QM_F57498,3,Wanburoo_hilarus,,Fossil,Sthenurinae,non_macropodin,NA,R,Gag,Non_cave,14.5,5.14,4.05
QM_F20346,3,Wanburoo_hilarus,,Fossil,Sthenurinae,non_macropodin,NA,R,Gag,Non_cave,14.5,5.32,4.4
QM_F20349,3,Wanburoo_hilarus,,Fossil,Sthenurinae,non_macropodin,NA,R,Gag,Non_cave,14.5,4.86,4.13
QM_F57498,3,Wanburoo_hilarus,,Fossil,Sthenurinae,non_macropodin,NA,L,Gag,Non_cave,14.5,5.24,4.46
QM_F20525,2,Wanburoo_hilarus,,Fossil,Sthenurinae,non_macropodin,NA,L,Gag,Non_cave,14.5,5.15,5.08
QM_F19839 ,2,Wanburoo_hilarus,,Fossil,Sthenurinae,non_macropodin,NA,R,Henks_Hollow,Non_cave,14.5,4.85,4.02
QM_F57496,3,Wanburoo_hilarus,,Fossil,Sthenurinae,non_macropodin,NA,L,Henks_Hollow,Non_cave,14.5,5.4,4.62
QM_F19839 ,3,Wanburoo_hilarus,,Fossil,Sthenurinae,non_macropodin,NA,R,Henks_Hollow,Non_cave,14.5,4.82,4.5
QM_F57497,2,Wanburoo_hilarus,,Fossil,Sthenurinae,non_macropodin,NA,R,Henks_Hollow,Non_cave,14.5,4.62,4.38
QM_F57495,2,Wanburoo_hilarus,,Fossil,Sthenurinae,non_macropodin,NA,R,Henks_Hollow,Non_cave,14.5,5.09,4.83
QM_F20434 ,3,Wanburoo_hilarus,,Fossil,Sthenurinae,non_macropodin,NA,R,Henks_Hollow,Non_cave,14.5,5.33,5.09
QM_NA,3,Wanburoo_hilarus,,Fossil,Sthenurinae,non_macropodin,NA,L,Keiths_Chocky_Block,Non_cave,14.5,5.78,4.46
QM_F57500,3,Wanburoo_hilarus,,Fossil,Sthenurinae,non_macropodin,NA,R,Last_Minute,Non_cave,14.5,4.95,4.8
QM_F13444,2,Wururoo_dayamayi,,Fossil,Balbarinae,non_macropodin,NA,R,White_Hunter,Non_cave,17.8,4.61,3.89
SAMA_P27812,3,Wururoo_dayamayi_cf,,Fossil,Balbarinae,non_macropodin,NA,R,Waynes_Wok,Cave,17.8,5.08,4.87